"Question","ID","Variable","Catalogues_services_merged","Purpose_of_use_merged","Catalogue_services_merged_coded","Catalogue_services_TTRAM","PurposeOfUse_merged_coded","PurposeOfUse_merged_coded_TTRAM"
"catalogues_registries",1,1,,,,,,
"catalogues_registries",1,2,,,,,,
"catalogues_registries",1,3,,,,,,
"catalogues_registries",1,4,,,,,,
"catalogues_registries",1,5,,,,,,
"catalogues_registries",2,1,,,,,,
"catalogues_registries",2,2,,,,,,
"catalogues_registries",2,3,,,,,,
"catalogues_registries",2,4,,,,,,
"catalogues_registries",2,5,,,,,,
"catalogues_registries",3,1,,,,,,
"catalogues_registries",3,2,,,,,,
"catalogues_registries",3,3,,,,,,
"catalogues_registries",3,4,,,,,,
"catalogues_registries",3,5,,,,,,
"catalogues_registries",4,1,,,,,,
"catalogues_registries",4,2,,,,,,
"catalogues_registries",4,3,,,,,,
"catalogues_registries",4,4,,,,,,
"catalogues_registries",4,5,,,,,,
"catalogues_registries",5,1,,,,,,
"catalogues_registries",5,2,,,,,,
"catalogues_registries",5,3,,,,,,
"catalogues_registries",5,4,,,,,,
"catalogues_registries",5,5,,,,,,
"catalogues_registries",6,1,"DataCite","(digital object, PID, contributor type, kind of data)","Datacite","Discovery & Identification","Identifier registration","Identifier registration (Discovery & Identification)"
"catalogues_registries",6,2,"Agroportal / Ontoportal instances","keywords","Agroportal / Ontoportal instances","Discovery & Identification","Semantic : ontologies","Semantic : ontologies (Discovery & Identification)"
"catalogues_registries",6,3,"ISO 639","Language metadata","ISO 639 - Language codes","Discovery & Identification","ISO standard","ISO standard (Discovery & Identification)"
"catalogues_registries",6,4,"ISO 3166","Countries","ISO 3166 - Country name codes","Curation, quality & Compliance","ISO standard","ISO standard (Curation, quality & Compliance)"
"catalogues_registries",6,5,,,,,,
"catalogues_registries",7,1,,,,,,
"catalogues_registries",7,2,,,,,,
"catalogues_registries",7,3,,,,,,
"catalogues_registries",7,4,,,,,,
"catalogues_registries",7,5,,,,,,
"catalogues_registries",8,1,"https://vocab.ifremer.fr/","Ifremer Vocabulary Server","IFREMER vocabulary","Discovery & Identification","Semantic : vocabularies and thesauri","Semantic : vocabularies and thesauri (Discovery & Identification)"
"catalogues_registries",8,2,"https://vocab.nerc.ac.uk/collection/","The NERC Vocabulary Server (NVS)","NERC vocabulary server","Discovery & Identification","Semantic : vocabularies and thesauri","Semantic : vocabularies and thesauri (Discovery & Identification)"
"catalogues_registries",8,3,"https://earthportal.eu/","Ontologies and semantic artefacts for Earth sciences.","EarthPortal","Discovery & Identification","Semantic : ontologies","Semantic : ontologies (Discovery & Identification)"
"catalogues_registries",8,4,,,,,,
"catalogues_registries",8,5,,,,,,
"catalogues_registries",9,1,,,,,,
"catalogues_registries",9,2,,,,,,
"catalogues_registries",9,3,,,,,,
"catalogues_registries",9,4,,,,,,
"catalogues_registries",9,5,,,,,,
"catalogues_registries",10,1,,,,,,
"catalogues_registries",10,2,,,,,,
"catalogues_registries",10,3,,,,,,
"catalogues_registries",10,4,,,,,,
"catalogues_registries",10,5,,,,,,
"catalogues_registries",11,1,"https://gnss.be/pub/RINEX-metadata/catalog.html",,"Belgian GNSS Data Repository","Discovery & Identification","Data catalogues","Data catalogues (Discovery & Identification)"
"catalogues_registries",11,2,,,,,,
"catalogues_registries",11,3,,,,,,
"catalogues_registries",11,4,,,,,,
"catalogues_registries",11,5,,,,,,
"catalogues_registries",12,1,,,,,,
"catalogues_registries",12,2,,,,,,
"catalogues_registries",12,3,,,,,,
"catalogues_registries",12,4,,,,,,
"catalogues_registries",12,5,,,,,,
"catalogues_registries",13,1,,,,,,
"catalogues_registries",13,2,,,,,,
"catalogues_registries",13,3,,,,,,
"catalogues_registries",13,4,,,,,,
"catalogues_registries",13,5,,,,,,
"catalogues_registries",14,1,"Reposis Service of the GBV","Deposit & Appraisal, Curation, Quality & Compliance, Access, Reuse, Preservation","Reposis Service of the GBV","All","Multiple purpose","Multiple purpose (All)"
"catalogues_registries",14,2,"CrossAsia user administration (Shibboleth authentification)","user authentification (only registered CrossAsia users can upload data)","CrossAsia user administration (Shibboleth authentification)","Workflows","Authentication tools","Authentication tools (Workflows)"
"catalogues_registries",14,3,"DOI registry","PID management","DOI registry","Discovery & Identification","PID management","PID management (Discovery & Identification)"
"catalogues_registries",14,4,"URN registry","PID management","URN registry","Discovery & Identification","PID management","PID management (Discovery & Identification)"
"catalogues_registries",14,5,"CrossAsia Search (based on PICA format, part of the GBV framework database)","Search repository data","CrossAsia Search (based on PICA format, part of the GBV framework database)","Discovery & Identification","Data repository","Data repository (Discovery & Identification)"
"catalogues_registries",15,1,"geonames","location","geonames","Discovery & Identification","Semantic : geographical metadata","Semantic : geographical metadata (Discovery & Identification)"
"catalogues_registries",15,2,"opentheso/pactols","content","Pactols","Discovery & Identification","Semantic : vocabularies and thesauri","Semantic : vocabularies and thesauri (Discovery & Identification)"
"catalogues_registries",15,3,"perio.do","chronology","perio.do","Discovery & Identification","Semantic : vocabularies and thesauri","Semantic : vocabularies and thesauri (Discovery & Identification)"
"catalogues_registries",15,4,"aat getty","content","aat getty","Discovery & Identification","Semantic : vocabularies and thesauri","Semantic : vocabularies and thesauri (Discovery & Identification)"
"catalogues_registries",15,5,,,,,,
"catalogues_registries",16,1,,,,,,
"catalogues_registries",16,2,,,,,,
"catalogues_registries",16,3,,,,,,
"catalogues_registries",16,4,,,,,,
"catalogues_registries",16,5,,,,,,
"catalogues_registries",17,1,,,,,,
"catalogues_registries",17,2,,,,,,
"catalogues_registries",17,3,,,,,,
"catalogues_registries",17,4,,,,,,
"catalogues_registries",17,5,,,,,,
"catalogues_registries",18,1,,,,,,
"catalogues_registries",18,2,,,,,,
"catalogues_registries",18,3,,,,,,
"catalogues_registries",18,4,,,,,,
"catalogues_registries",18,5,,,,,,
"catalogues_registries",19,1,,,,,,
"catalogues_registries",19,2,,,,,,
"catalogues_registries",19,3,,,,,,
"catalogues_registries",19,4,,,,,,
"catalogues_registries",19,5,,,,,,
"catalogues_registries",20,1,,,,,,
"catalogues_registries",20,2,,,,,,
"catalogues_registries",20,3,,,,,,
"catalogues_registries",20,4,,,,,,
"catalogues_registries",20,5,,,,,,
"catalogues_registries",21,1,,,,,,
"catalogues_registries",21,2,,,,,,
"catalogues_registries",21,3,,,,,,
"catalogues_registries",21,4,,,,,,
"catalogues_registries",21,5,,,,,,
"catalogues_registries",22,1,,,,,,
"catalogues_registries",22,2,,,,,,
"catalogues_registries",22,3,,,,,,
"catalogues_registries",22,4,,,,,,
"catalogues_registries",22,5,,,,,,
"catalogues_registries",23,1,,,,,,
"catalogues_registries",23,2,,,,,,
"catalogues_registries",23,3,,,,,,
"catalogues_registries",23,4,,,,,,
"catalogues_registries",23,5,,,,,,
"catalogues_registries",24,1,,,,,,
"catalogues_registries",24,2,,,,,,
"catalogues_registries",24,3,,,,,,
"catalogues_registries",24,4,,,,,,
"catalogues_registries",24,5,,,,,,
"catalogues_registries",25,1,,,,,,
"catalogues_registries",25,2,,,,,,
"catalogues_registries",25,3,,,,,,
"catalogues_registries",25,4,,,,,,
"catalogues_registries",25,5,,,,,,
"catalogues_registries",26,1,,,,,,
"catalogues_registries",26,2,,,,,,
"catalogues_registries",26,3,,,,,,
"catalogues_registries",26,4,,,,,,
"catalogues_registries",26,5,,,,,,
"catalogues_registries",27,1,,,,,,
"catalogues_registries",27,2,,,,,,
"catalogues_registries",27,3,,,,,,
"catalogues_registries",27,4,,,,,,
"catalogues_registries",27,5,,,,,,
"catalogues_registries",28,1,,,,,,
"catalogues_registries",28,2,,,,,,
"catalogues_registries",28,3,,,,,,
"catalogues_registries",28,4,,,,,,
"catalogues_registries",28,5,,,,,,
"catalogues_registries",29,1,,,,,,
"catalogues_registries",29,2,,,,,,
"catalogues_registries",29,3,,,,,,
"catalogues_registries",29,4,,,,,,
"catalogues_registries",29,5,,,,,,
"catalogues_registries",30,1,,,,,,
"catalogues_registries",30,2,,,,,,
"catalogues_registries",30,3,,,,,,
"catalogues_registries",30,4,,,,,,
"catalogues_registries",30,5,,,,,,
"catalogues_registries",31,1,,,,,,
"catalogues_registries",31,2,,,,,,
"catalogues_registries",31,3,,,,,,
"catalogues_registries",31,4,,,,,,
"catalogues_registries",31,5,,,,,,
"catalogues_registries",32,1,,,,,,
"catalogues_registries",32,2,,,,,,
"catalogues_registries",32,3,,,,,,
"catalogues_registries",32,4,,,,,,
"catalogues_registries",32,5,,,,,,
"catalogues_registries",33,1,,,,,,
"catalogues_registries",33,2,,,,,,
"catalogues_registries",33,3,,,,,,
"catalogues_registries",33,4,,,,,,
"catalogues_registries",33,5,,,,,,
"catalogues_registries",34,1,,,,,,
"catalogues_registries",34,2,,,,,,
"catalogues_registries",34,3,,,,,,
"catalogues_registries",34,4,,,,,,
"catalogues_registries",34,5,,,,,,
"catalogues_registries",35,1,,,,,,
"catalogues_registries",35,2,,,,,,
"catalogues_registries",35,3,,,,,,
"catalogues_registries",35,4,,,,,,
"catalogues_registries",35,5,,,,,,
"catalogues_registries",36,1,,,,,,
"catalogues_registries",36,2,,,,,,
"catalogues_registries",36,3,,,,,,
"catalogues_registries",36,4,,,,,,
"catalogues_registries",36,5,,,,,,
"catalogues_registries",37,1,,,,,,
"catalogues_registries",37,2,,,,,,
"catalogues_registries",37,3,,,,,,
"catalogues_registries",37,4,,,,,,
"catalogues_registries",37,5,,,,,,
"catalogues_registries",38,1,,,,,,
"catalogues_registries",38,2,,,,,,
"catalogues_registries",38,3,,,,,,
"catalogues_registries",38,4,,,,,,
"catalogues_registries",38,5,,,,,,
"catalogues_registries",39,1,,,,,,
"catalogues_registries",39,2,,,,,,
"catalogues_registries",39,3,,,,,,
"catalogues_registries",39,4,,,,,,
"catalogues_registries",39,5,,,,,,
"catalogues_registries",40,1,,,,,,
"catalogues_registries",40,2,,,,,,
"catalogues_registries",40,3,,,,,,
"catalogues_registries",40,4,,,,,,
"catalogues_registries",40,5,,,,,,
"catalogues_registries",41,1,,,,,,
"catalogues_registries",41,2,,,,,,
"catalogues_registries",41,3,,,,,,
"catalogues_registries",41,4,,,,,,
"catalogues_registries",41,5,,,,,,
"catalogues_registries",42,1,,,,,,
"catalogues_registries",42,2,,,,,,
"catalogues_registries",42,3,,,,,,
"catalogues_registries",42,4,,,,,,
"catalogues_registries",42,5,,,,,,
"catalogues_registries",43,1,,,,,,
"catalogues_registries",43,2,,,,,,
"catalogues_registries",43,3,,,,,,
"catalogues_registries",43,4,,,,,,
"catalogues_registries",43,5,,,,,,
"catalogues_registries",44,1,,,,,,
"catalogues_registries",44,2,,,,,,
"catalogues_registries",44,3,,,,,,
"catalogues_registries",44,4,,,,,,
"catalogues_registries",44,5,,,,,,
"catalogues_registries",45,1,,,,,,
"catalogues_registries",45,2,,,,,,
"catalogues_registries",45,3,,,,,,
"catalogues_registries",45,4,,,,,,
"catalogues_registries",45,5,,,,,,
"catalogues_registries",46,1,"Datacite","DOI of datasets","Datacite","Discovery & Identification","Identifier registration","Identifier registration (Discovery & Identification)"
"catalogues_registries",46,2,"ORCID","Author IDs","ORCID","Discovery & Identification","PID management","PID management (Discovery & Identification)"
"catalogues_registries",46,3,"ROR","Research organisations as author affiliation","ROR","Discovery & Identification","PID management","PID management (Discovery & Identification)"
"catalogues_registries",46,4,"TIB Terminology Service","Subject indexing, Keywords","TIB Terminology Service","Discovery & Identification","Semantic : vocabularies and thesauri","Semantic : vocabularies and thesauri (Discovery & Identification)"
"catalogues_registries",46,5,"Wikidata","Keywords","Wikidata","Discovery & Identification","Semantic : vocabularies and thesauri","Semantic : vocabularies and thesauri (Discovery & Identification)"
"catalogues_registries",47,1,"Ontology Lookup Service","Access to Controlled Vocabularies/ontologies","Ontology Lookup Service","Discovery & Identification","Semantic : ontologies","Semantic : ontologies (Discovery & Identification)"
"catalogues_registries",47,2,,,,,,
"catalogues_registries",47,3,,,,,,
"catalogues_registries",47,4,,,,,,
"catalogues_registries",47,5,,,,,,
"catalogues_registries",48,1,,,,,,
"catalogues_registries",48,2,,,,,,
"catalogues_registries",48,3,,,,,,
"catalogues_registries",48,4,,,,,,
"catalogues_registries",48,5,,,,,,
"catalogues_registries",50,1,"Datacite DOI","DOI","Datacite","Discovery & Identification","Identifier registration","Identifier registration (Discovery & Identification)"
"catalogues_registries",50,2,"da|ra","DOI","da|ra","Discovery & Identification","Identifier registration","Identifier registration (Discovery & Identification)"
"catalogues_registries",50,3,,,,,,
"catalogues_registries",50,4,,,,,,
"catalogues_registries",50,5,,,,,,
"catalogues_registries",51,1,,,,,,
"catalogues_registries",51,2,,,,,,
"catalogues_registries",51,3,,,,,,
"catalogues_registries",51,4,,,,,,
"catalogues_registries",51,5,,,,,,
"catalogues_registries",52,1,"Ontology Lookup Service","Ontologies & Controlled Vocabularies","Ontology Lookup Service","Discovery & Identification","Semantic : ontologies","Semantic : ontologies (Discovery & Identification)"
"catalogues_registries",52,2,"EuropePubMed Central","Scientific Publications - References","EuropePubMed Central","Discovery & Identification","Publication catalogues","Publication catalogues (Discovery & Identification)"
"catalogues_registries",52,3,,,,,,
"catalogues_registries",52,4,,,,,,
"catalogues_registries",52,5,,,,,,
"catalogues_registries",53,1,,,,,,
"catalogues_registries",53,2,,,,,,
"catalogues_registries",53,3,,,,,,
"catalogues_registries",53,4,,,,,,
"catalogues_registries",53,5,,,,,,
"catalogues_registries",54,1,,,,,,
"catalogues_registries",54,2,,,,,,
"catalogues_registries",54,3,,,,,,
"catalogues_registries",54,4,,,,,,
"catalogues_registries",54,5,,,,,,
"catalogues_registries",55,1,,,,,,
"catalogues_registries",55,2,,,,,,
"catalogues_registries",55,3,,,,,,
"catalogues_registries",55,4,,,,,,
"catalogues_registries",55,5,,,,,,
"catalogues_registries",56,1,,,,,,
"catalogues_registries",56,2,,,,,,
"catalogues_registries",56,3,,,,,,
"catalogues_registries",56,4,,,,,,
"catalogues_registries",56,5,,,,,,
"catalogues_registries",57,1,,,,,,
"catalogues_registries",57,2,,,,,,
"catalogues_registries",57,3,,,,,,
"catalogues_registries",57,4,,,,,,
"catalogues_registries",57,5,,,,,,
"catalogues_registries",58,1,,,,,,
"catalogues_registries",58,2,,,,,,
"catalogues_registries",58,3,,,,,,
"catalogues_registries",58,4,,,,,,
"catalogues_registries",58,5,,,,,,
"catalogues_registries",59,1,,,,,,
"catalogues_registries",59,2,,,,,,
"catalogues_registries",59,3,,,,,,
"catalogues_registries",59,4,,,,,,
"catalogues_registries",59,5,,,,,,
"catalogues_registries",60,1,,,,,,
"catalogues_registries",60,2,,,,,,
"catalogues_registries",60,3,,,,,,
"catalogues_registries",60,4,,,,,,
"catalogues_registries",60,5,,,,,,
"catalogues_registries",61,1,,,,,,
"catalogues_registries",61,2,,,,,,
"catalogues_registries",61,3,,,,,,
"catalogues_registries",61,4,,,,,,
"catalogues_registries",61,5,,,,,,
"catalogues_registries",62,1,,,,,,
"catalogues_registries",62,2,,,,,,
"catalogues_registries",62,3,,,,,,
"catalogues_registries",62,4,,,,,,
"catalogues_registries",62,5,,,,,,
"catalogues_registries",63,1,,,,,,
"catalogues_registries",63,2,,,,,,
"catalogues_registries",63,3,,,,,,
"catalogues_registries",63,4,,,,,,
"catalogues_registries",63,5,,,,,,
"catalogues_registries",64,1,,,,,,
"catalogues_registries",64,2,,,,,,
"catalogues_registries",64,3,,,,,,
"catalogues_registries",64,4,,,,,,
"catalogues_registries",64,5,,,,,,
"catalogues_registries",65,1,,,,,,
"catalogues_registries",65,2,,,,,,
"catalogues_registries",65,3,,,,,,
"catalogues_registries",65,4,,,,,,
"catalogues_registries",65,5,,,,,,
"catalogues_registries",66,1,,,,,,
"catalogues_registries",66,2,,,,,,
"catalogues_registries",66,3,,,,,,
"catalogues_registries",66,4,,,,,,
"catalogues_registries",66,5,,,,,,
"catalogues_registries",67,1,,,,,,
"catalogues_registries",67,2,,,,,,
"catalogues_registries",67,3,,,,,,
"catalogues_registries",67,4,,,,,,
"catalogues_registries",67,5,,,,,,
"catalogues_registries",68,1,,,,,,
"catalogues_registries",68,2,,,,,,
"catalogues_registries",68,3,,,,,,
"catalogues_registries",68,4,,,,,,
"catalogues_registries",68,5,,,,,,
"catalogues_registries",69,1,,,,,,
"catalogues_registries",69,2,,,,,,
"catalogues_registries",69,3,,,,,,
"catalogues_registries",69,4,,,,,,
"catalogues_registries",69,5,,,,,,
"catalogues_registries",70,1,,,,,,
"catalogues_registries",70,2,,,,,,
"catalogues_registries",70,3,,,,,,
"catalogues_registries",70,4,,,,,,
"catalogues_registries",70,5,,,,,,
"catalogues_registries",71,1,,,,,,
"catalogues_registries",71,2,,,,,,
"catalogues_registries",71,3,,,,,,
"catalogues_registries",71,4,,,,,,
"catalogues_registries",71,5,,,,,,
"catalogues_registries",72,1,,,,,,
"catalogues_registries",72,2,,,,,,
"catalogues_registries",72,3,,,,,,
"catalogues_registries",72,4,,,,,,
"catalogues_registries",72,5,,,,,,
"catalogues_registries",73,1,,,,,,
"catalogues_registries",73,2,,,,,,
"catalogues_registries",73,3,,,,,,
"catalogues_registries",73,4,,,,,,
"catalogues_registries",73,5,,,,,,
"catalogues_registries",74,1,,,,,,
"catalogues_registries",74,2,,,,,,
"catalogues_registries",74,3,,,,,,
"catalogues_registries",74,4,,,,,,
"catalogues_registries",74,5,,,,,,
"catalogues_registries",75,1,,,,,,
"catalogues_registries",75,2,,,,,,
"catalogues_registries",75,3,,,,,,
"catalogues_registries",75,4,,,,,,
"catalogues_registries",75,5,,,,,,
"catalogues_registries",76,1,,,,,,
"catalogues_registries",76,2,,,,,,
"catalogues_registries",76,3,,,,,,
"catalogues_registries",76,4,,,,,,
"catalogues_registries",76,5,,,,,,
"catalogues_registries",77,2,,,,,,
"catalogues_registries",77,3,,,,,,
"catalogues_registries",77,4,,,,,,
"catalogues_registries",77,5,,,,,,
"catalogues_registries",78,1,,,,,,
"catalogues_registries",78,2,,,,,,
"catalogues_registries",78,3,,,,,,
"catalogues_registries",78,4,,,,,,
"catalogues_registries",78,5,,,,,,
"catalogues_registries",79,1,,,,,,
"catalogues_registries",79,2,,,,,,
"catalogues_registries",79,3,,,,,,
"catalogues_registries",79,4,,,,,,
"catalogues_registries",79,5,,,,,,
"catalogues_registries",80,1,,,,,,
"catalogues_registries",80,2,,,,,,
"catalogues_registries",80,3,,,,,,
"catalogues_registries",80,4,,,,,,
"catalogues_registries",80,5,,,,,,
"catalogues_registries",81,1,,,,,,
"catalogues_registries",81,2,,,,,,
"catalogues_registries",81,3,,,,,,
"catalogues_registries",81,4,,,,,,
"catalogues_registries",81,5,,,,,,
"catalogues_registries",82,1,,,,,,
"catalogues_registries",82,2,,,,,,
"catalogues_registries",82,3,,,,,,
"catalogues_registries",82,4,,,,,,
"catalogues_registries",82,5,,,,,,
"catalogues_registries",83,1,,,,,,
"catalogues_registries",83,2,,,,,,
"catalogues_registries",83,3,,,,,,
"catalogues_registries",83,4,,,,,,
"catalogues_registries",83,5,,,,,,
"catalogues_registries",84,1,,,,,,
"catalogues_registries",84,2,,,,,,
"catalogues_registries",84,3,,,,,,
"catalogues_registries",84,4,,,,,,
"catalogues_registries",84,5,,,,,,
"catalogues_registries",85,1,"https://clarino.uib.no/comedi/home","Metadata management","COMEDI","Discovery & Identification","Metadata editor","Metadata editor (Discovery & Identification)"
"catalogues_registries",85,2,"https://urn.fi/; http://hdl.handle.net","PIDs (Access, Reuse)","Handle  System","Discovery & Identification","PID management","PID management (Discovery & Identification)"
"catalogues_registries",85,3,"https://lbr.csc.fi/","Access","Language Bank Rights service","Discovery & Identification","Data banks","Data banks (Discovery & Identification)"
"catalogues_registries",85,4,,,,,,
"catalogues_registries",85,5,,,,,,
"catalogues_registries",86,1,,,,,,
"catalogues_registries",86,2,,,,,,
"catalogues_registries",86,3,,,,,,
"catalogues_registries",86,4,,,,,,
"catalogues_registries",86,5,,,,,,
"catalogues_registries",87,1,,,,,,
"catalogues_registries",87,2,,,,,,
"catalogues_registries",87,3,,,,,,
"catalogues_registries",87,4,,,,,,
"catalogues_registries",87,5,,,,,,
"catalogues_registries",88,1,,,,,,
"catalogues_registries",88,2,,,,,,
"catalogues_registries",88,3,,,,,,
"catalogues_registries",88,4,,,,,,
"catalogues_registries",88,5,,,,,,
"catalogues_registries",89,1,,,,,,
"catalogues_registries",89,2,,,,,,
"catalogues_registries",89,3,,,,,,
"catalogues_registries",89,4,,,,,,
"catalogues_registries",89,5,,,,,,
"catalogues_registries",90,1,,,,,,
"catalogues_registries",90,2,,,,,,
"catalogues_registries",90,3,,,,,,
"catalogues_registries",90,4,,,,,,
"catalogues_registries",90,5,,,,,,
"catalogues_registries",91,1,,,,,,
"catalogues_registries",91,2,,,,,,
"catalogues_registries",91,3,,,,,,
"catalogues_registries",91,4,,,,,,
"catalogues_registries",91,5,,,,,,
"catalogues_registries",92,1,,,,,,
"catalogues_registries",92,2,,,,,,
"catalogues_registries",92,3,,,,,,
"catalogues_registries",92,4,,,,,,
"catalogues_registries",92,5,,,,,,
"catalogues_registries",93,1,,,,,,
"catalogues_registries",93,2,,,,,,
"catalogues_registries",93,3,,,,,,
"catalogues_registries",93,4,,,,,,
"catalogues_registries",93,5,,,,,,
"catalogues_registries",94,1,,,,,,
"catalogues_registries",94,2,,,,,,
"catalogues_registries",94,3,,,,,,
"catalogues_registries",94,4,,,,,,
"catalogues_registries",94,5,,,,,,
"catalogues_registries",95,1,"CESSDA Data Catalogue","Provides access to a wide range of European social science data. Activity/Function: Reuse, Curation, Quality & Compliance","CESSDA Data Catalogue","Discovery & Identification","Data catalogues","Data catalogues (Discovery & Identification)"
"catalogues_registries",95,2,"Aila Data Service","FSDs data portal that provides access to research data for researchers, teachers, and students. Also used for depositing data. Activity/Function: Deposit & Appraisal, Access, Reuse, Curation, Quality & Compliance","Aila Data Service","All","Data archive","Data archive (All)"
"catalogues_registries",95,3,"ELSST (European Language Social Science Thesaurus)","Thesaurus for social sciences. Used for keywords in English language metadata. Activity/Function: Curation, Quality & Compliance, Access","ELSST (European Language Social Science Thesaurus)","Discovery & Identification","Semantic : vocabularies and thesauri","Semantic : vocabularies and thesauri (Discovery & Identification)"
"catalogues_registries",95,4,"PID services","We use ORCID, DOI, and URN as part of our PID services. Used to manage persistent identifiers for digital objects. These identifiers ensure long-term access and reliable referencing of digital objects. Activity/Function: Curation, Quality & Compliance, Access, Reuse, Preservation","PID services","Discovery & Identification","PID management","PID management (Discovery & Identification)"
"catalogues_registries",95,5,"CESSDA vocabulary service","Used to standardize and manage controlled vocabularies for digital objects and metadata. Activity/Function: Curation, Quality & Compliance, Access, Reuse, Preservation","CESSDA vocabulary service","Discovery & Identification","Semantic : vocabularies and thesauri","Semantic : vocabularies and thesauri (Discovery & Identification)"
"catalogues_registries",96,1,,,,,,
"catalogues_registries",96,2,,,,,,
"catalogues_registries",96,3,,,,,,
"catalogues_registries",96,4,,,,,,
"catalogues_registries",96,5,,,,,,
"catalogues_registries",97,1,,,,,,
"catalogues_registries",97,2,,,,,,
"catalogues_registries",97,3,,,,,,
"catalogues_registries",97,4,,,,,,
"catalogues_registries",97,5,,,,,,
"catalogues_registries",98,1,,,,,,
"catalogues_registries",98,2,,,,,,
"catalogues_registries",98,3,,,,,,
"catalogues_registries",98,4,,,,,,
"catalogues_registries",98,5,,,,,,
"catalogues_registries",99,1,,,,,,
"catalogues_registries",99,2,,,,,,
"catalogues_registries",99,3,,,,,,
"catalogues_registries",99,4,,,,,,
"catalogues_registries",99,5,,,,,,
"catalogues_registries",100,1,"DataCite","To generate DOIs","Datacite","Discovery & Identification","Identifier registration","Identifier registration (Discovery & Identification)"
"catalogues_registries",100,2,,,,,,
"catalogues_registries",100,3,,,,,,
"catalogues_registries",100,4,,,,,,
"catalogues_registries",100,5,,,,,,
"catalogues_registries",101,1,,,,,,
"catalogues_registries",101,2,,,,,,
"catalogues_registries",101,3,,,,,,
"catalogues_registries",101,4,,,,,,
"catalogues_registries",101,5,,,,,,
"catalogues_registries",102,1,,,,,,
"catalogues_registries",102,2,,,,,,
"catalogues_registries",102,3,,,,,,
"catalogues_registries",102,4,,,,,,
"catalogues_registries",102,5,,,,,,
"catalogues_registries",103,1,,,,,,
"catalogues_registries",103,2,,,,,,
"catalogues_registries",103,3,,,,,,
"catalogues_registries",103,4,,,,,,
"catalogues_registries",103,5,,,,,,
"catalogues_registries",104,1,,,,,,
"catalogues_registries",104,2,,,,,,
"catalogues_registries",104,3,,,,,,
"catalogues_registries",104,4,,,,,,
"catalogues_registries",104,5,,,,,,
"catalogues_registries",105,1,"ESRF data portal","Generic repository for all data from photon and EM experiments at ESRF","ESRF data portal","Discovery & Identification","Data catalogues","Data catalogues (Discovery & Identification)"
"catalogues_registries",105,2,"Human Organ Atlas","Domain specific data portal for human organs","Human Organ Atlas","Discovery & Identification","Data banks","Data banks (Discovery & Identification)"
"catalogues_registries",105,3,"Paleontology data portal","Domain specific data portal for paleontology data","Paleontology data portal","Discovery & Identification","Data banks","Data banks (Discovery & Identification)"
"catalogues_registries",105,4,"Datacite","For issuing DOIs and storing associated metadata","Datacite","Discovery & Identification","Identifier registration","Identifier registration (Discovery & Identification)"
"catalogues_registries",105,5,,,,,,
"catalogues_registries",106,1,,,,,,
"catalogues_registries",106,2,,,,,,
"catalogues_registries",106,3,,,,,,
"catalogues_registries",106,4,,,,,,
"catalogues_registries",106,5,,,,,,
"catalogues_registries",107,1,,,,,,
"catalogues_registries",107,2,,,,,,
"catalogues_registries",107,3,,,,,,
"catalogues_registries",107,4,,,,,,
"catalogues_registries",107,5,,,,,,
"catalogues_registries",108,1,,,,,,
"catalogues_registries",108,2,,,,,,
"catalogues_registries",108,3,,,,,,
"catalogues_registries",108,4,,,,,,
"catalogues_registries",108,5,,,,,,
"catalogues_registries",109,1,,,,,,
"catalogues_registries",109,2,,,,,,
"catalogues_registries",109,3,,,,,,
"catalogues_registries",109,4,,,,,,
"catalogues_registries",109,5,,,,,,
"catalogues_registries",110,1,,,,,,
"catalogues_registries",110,2,,,,,,
"catalogues_registries",110,3,,,,,,
"catalogues_registries",110,4,,,,,,
"catalogues_registries",110,5,,,,,,
"catalogues_registries",111,1,,,,,,
"catalogues_registries",111,2,,,,,,
"catalogues_registries",111,3,,,,,,
"catalogues_registries",111,4,,,,,,
"catalogues_registries",111,5,,,,,,
"catalogues_registries",112,1,,,,,,
"catalogues_registries",112,2,,,,,,
"catalogues_registries",112,3,,,,,,
"catalogues_registries",112,4,,,,,,
"catalogues_registries",112,5,,,,,,
"catalogues_registries",113,1,,,,,,
"catalogues_registries",113,2,,,,,,
"catalogues_registries",113,3,,,,,,
"catalogues_registries",113,4,,,,,,
"catalogues_registries",113,5,,,,,,
"catalogues_registries",114,1,,,,,,
"catalogues_registries",114,2,,,,,,
"catalogues_registries",114,3,,,,,,
"catalogues_registries",114,4,,,,,,
"catalogues_registries",114,5,,,,,,
"catalogues_registries",115,1,,,,,,
"catalogues_registries",115,2,,,,,,
"catalogues_registries",115,3,,,,,,
"catalogues_registries",115,4,,,,,,
"catalogues_registries",115,5,,,,,,
"catalogues_registries",116,1,"DataCite","DOI","Datacite","Discovery & Identification","Identifier registration","Identifier registration (Discovery & Identification)"
"catalogues_registries",116,2,"Finto-ontology service (https://finto.fi/en/)","Several national ontologies for dataset description, for example fields of science or geolocations.","Finto-ontology service (https://finto.fi/en/)","Discovery & Identification","Semantic : ontologies","Semantic : ontologies (Discovery & Identification)"
"catalogues_registries",116,3,"Koodistot -reference data service (https://koodistot.suomi.fi/)","National reference data for dataset description, for example access types.","Koodistot","Discovery & Identification","Data banks","Data banks (Discovery & Identification)"
"catalogues_registries",116,4,"IANA media types, PRONOM registry","File format metadata for digital preservation","IANA media types, PRONOM registry","Discovery & Identification","Data banks","Data banks (Discovery & Identification)"
"catalogues_registries",116,5,,,,,,
"catalogues_registries",117,1,,,,,,
"catalogues_registries",117,2,,,,,,
"catalogues_registries",117,3,,,,,,
"catalogues_registries",117,4,,,,,,
"catalogues_registries",117,5,,,,,,
"catalogues_registries",118,1,,,,,,
"catalogues_registries",118,2,,,,,,
"catalogues_registries",118,3,,,,,,
"catalogues_registries",118,4,,,,,,
"catalogues_registries",118,5,,,,,,
"catalogues_registries",119,1,"Hierarchical Event Descriptors (HED)","[HED](https://www.hedtags.org/) [vocabulary](https://github.com/hed-standard/hed-schemas) is used to annotate event-level information of neuroscientific experiments in our datasets.","Hierarchical Event Descriptors (HED)","Discovery & Identification","Semantic : vocabularies and thesauri","Semantic : vocabularies and thesauri (Discovery & Identification)"
"catalogues_registries",119,2,"https://neurobagel.org/","[Neurobagel data model](https://neurobagel.org/data_models/variables/) together with [additional namespaces](https://neurobagel.org/data_models/term_naming_standards/#currently-used-namespaces) harmonizes participant-level information between datasets and repositories.","Neurobagel data model","""Curation, Quality & Compliance"", Discovery & Identification","Data models","Data models (""Curation, Quality & Compliance"", Discovery & Identification)"
"catalogues_registries",119,3,"https://bioportal.bioontology.org/ontologies/SNOMEDCT","Vocabulary used in Neurobagel data model.","Neurobagel data model vocabulary","Discovery & Identification","Semantic : vocabularies and thesauri","Semantic : vocabularies and thesauri (Discovery & Identification)"
"catalogues_registries",119,4,"https://nidm.nidash.org/","Terminology used in Neurobagel data model.","Neurobagel data model terminology","Discovery & Identification","Semantic : vocabularies and thesauri","Semantic : vocabularies and thesauri (Discovery & Identification)"
"catalogues_registries",119,5,,,,,,
"catalogues_registries",120,1,,,,,,
"catalogues_registries",120,2,,,,,,
"catalogues_registries",120,3,,,,,,
"catalogues_registries",120,4,,,,,,
"catalogues_registries",120,5,,,,,,
"catalogues_registries",121,1,,,,,,
"catalogues_registries",121,2,,,,,,
"catalogues_registries",121,3,,,,,,
"catalogues_registries",121,4,,,,,,
"catalogues_registries",121,5,,,,,,
"catalogues_registries",122,1,,,,,,
"catalogues_registries",122,2,,,,,,
"catalogues_registries",122,3,,,,,,
"catalogues_registries",122,4,,,,,,
"catalogues_registries",122,5,,,,,,
"catalogues_registries",123,1,,,,,,
"catalogues_registries",123,2,,,,,,
"catalogues_registries",123,3,,,,,,
"catalogues_registries",123,4,,,,,,
"catalogues_registries",123,5,,,,,,
"catalogues_registries",124,1,,,,,,
"catalogues_registries",124,2,,,,,,
"catalogues_registries",124,3,,,,,,
"catalogues_registries",124,4,,,,,,
"catalogues_registries",124,5,,,,,,
"catalogues_registries",125,1,,,,,,
"catalogues_registries",125,2,,,,,,
"catalogues_registries",125,3,,,,,,
"catalogues_registries",125,4,,,,,,
"catalogues_registries",125,5,,,,,,
"catalogues_registries",126,1,,,,,,
"catalogues_registries",126,2,,,,,,
"catalogues_registries",126,3,,,,,,
"catalogues_registries",126,4,,,,,,
"catalogues_registries",126,5,,,,,,
"catalogues_registries",127,1,,,,,,
"catalogues_registries",127,2,,,,,,
"catalogues_registries",127,3,,,,,,
"catalogues_registries",127,4,,,,,,
"catalogues_registries",127,5,,,,,,
"catalogues_registries",128,1,,,,,,
"catalogues_registries",128,2,,,,,,
"catalogues_registries",128,3,,,,,,
"catalogues_registries",128,4,,,,,,
"catalogues_registries",128,5,,,,,,
"catalogues_registries",129,1,,,,,,
"catalogues_registries",129,2,,,,,,
"catalogues_registries",129,3,,,,,,
"catalogues_registries",129,4,,,,,,
"catalogues_registries",129,5,,,,,,
"catalogues_registries",130,1,,,,,,
"catalogues_registries",130,2,,,,,,
"catalogues_registries",130,3,,,,,,
"catalogues_registries",130,4,,,,,,
"catalogues_registries",130,5,,,,,,
"catalogues_registries",131,1,,,,,,
"catalogues_registries",131,2,,,,,,
"catalogues_registries",131,3,,,,,,
"catalogues_registries",131,4,,,,,,
"catalogues_registries",131,5,,,,,,
"catalogues_registries",132,1,,,,,,
"catalogues_registries",132,2,,,,,,
"catalogues_registries",132,3,,,,,,
"catalogues_registries",132,4,,,,,,
"catalogues_registries",132,5,,,,,,
"catalogues_registries",133,1,,,,,,
"catalogues_registries",133,2,,,,,,
"catalogues_registries",133,3,,,,,,
"catalogues_registries",133,4,,,,,,
"catalogues_registries",133,5,,,,,,
"catalogues_registries",134,1,,,,,,
"catalogues_registries",134,2,,,,,,
"catalogues_registries",134,3,,,,,,
"catalogues_registries",134,4,,,,,,
"catalogues_registries",134,5,,,,,,
"catalogues_registries",135,1,,,,,,
"catalogues_registries",135,2,,,,,,
"catalogues_registries",135,3,,,,,,
"catalogues_registries",135,4,,,,,,
"catalogues_registries",135,5,,,,,,
"catalogues_registries",136,1,,,,,,
"catalogues_registries",136,2,,,,,,
"catalogues_registries",136,3,,,,,,
"catalogues_registries",136,4,,,,,,
"catalogues_registries",136,5,,,,,,
"catalogues_registries",137,1,,,,,,
"catalogues_registries",137,2,,,,,,
"catalogues_registries",137,3,,,,,,
"catalogues_registries",137,4,,,,,,
"catalogues_registries",137,5,,,,,,
"catalogues_registries",138,1,,,,,,
"catalogues_registries",138,2,,,,,,
"catalogues_registries",138,3,,,,,,
"catalogues_registries",138,4,,,,,,
"catalogues_registries",138,5,,,,,,
"catalogues_registries",139,1,,,,,,
"catalogues_registries",139,2,,,,,,
"catalogues_registries",139,3,,,,,,
"catalogues_registries",139,4,,,,,,
"catalogues_registries",139,5,,,,,,
"catalogues_registries",140,1,,,,,,
"catalogues_registries",140,2,,,,,,
"catalogues_registries",140,3,,,,,,
"catalogues_registries",140,4,,,,,,
"catalogues_registries",140,5,,,,,,
"catalogues_registries",141,1,,,,,,
"catalogues_registries",141,2,,,,,,
"catalogues_registries",141,3,,,,,,
"catalogues_registries",141,4,,,,,,
"catalogues_registries",141,5,,,,,,
"catalogues_registries",142,1,,,,,,
"catalogues_registries",142,2,,,,,,
"catalogues_registries",142,3,,,,,,
"catalogues_registries",142,4,,,,,,
"catalogues_registries",142,5,,,,,,
"catalogues_registries",143,1,,,,,,
"catalogues_registries",143,2,,,,,,
"catalogues_registries",143,3,,,,,,
"catalogues_registries",143,4,,,,,,
"catalogues_registries",143,5,,,,,,
"catalogues_registries",144,1,,,,,,
"catalogues_registries",144,2,,,,,,
"catalogues_registries",144,3,,,,,,
"catalogues_registries",144,4,,,,,,
"catalogues_registries",144,5,,,,,,
"catalogues_registries",145,1,,,,,,
"catalogues_registries",145,2,,,,,,
"catalogues_registries",145,3,,,,,,
"catalogues_registries",145,4,,,,,,
"catalogues_registries",145,5,,,,,,
"catalogues_registries",146,1,,,,,,
"catalogues_registries",146,2,,,,,,
"catalogues_registries",146,3,,,,,,
"catalogues_registries",146,4,,,,,,
"catalogues_registries",146,5,,,,,,
"catalogues_registries",147,1,,,,,,
"catalogues_registries",147,2,,,,,,
"catalogues_registries",147,3,,,,,,
"catalogues_registries",147,4,,,,,,
"catalogues_registries",147,5,,,,,,
"catalogues_registries",148,1,,,,,,
"catalogues_registries",148,2,,,,,,
"catalogues_registries",148,3,,,,,,
"catalogues_registries",148,4,,,,,,
"catalogues_registries",148,5,,,,,,
"catalogues_registries",149,1,,,,,,
"catalogues_registries",149,2,,,,,,
"catalogues_registries",149,3,,,,,,
"catalogues_registries",149,4,,,,,,
"catalogues_registries",149,5,,,,,,
"catalogues_registries",150,3,,,,,,
"catalogues_registries",150,4,,,,,,
"catalogues_registries",150,5,,,,,,
"catalogues_registries",151,1,,,,,,
"catalogues_registries",151,2,,,,,,
"catalogues_registries",151,3,,,,,,
"catalogues_registries",151,4,,,,,,
"catalogues_registries",151,5,,,,,,
"catalogues_registries",152,1,,,,,,
"catalogues_registries",152,2,,,,,,
"catalogues_registries",152,3,,,,,,
"catalogues_registries",152,4,,,,,,
"catalogues_registries",152,5,,,,,,
"catalogues_registries",153,1,,,,,,
"catalogues_registries",153,2,,,,,,
"catalogues_registries",153,3,,,,,,
"catalogues_registries",153,4,,,,,,
"catalogues_registries",153,5,,,,,,
"catalogues_registries",154,1,,,,,,
"catalogues_registries",154,2,,,,,,
"catalogues_registries",154,3,,,,,,
"catalogues_registries",154,4,,,,,,
"catalogues_registries",154,5,,,,,,
"catalogues_registries",155,1,,,,,,
"catalogues_registries",155,2,,,,,,
"catalogues_registries",155,3,,,,,,
"catalogues_registries",155,4,,,,,,
"catalogues_registries",155,5,,,,,,
"catalogues_registries",156,1,,,,,,
"catalogues_registries",156,2,,,,,,
"catalogues_registries",156,3,,,,,,
"catalogues_registries",156,4,,,,,,
"catalogues_registries",156,5,,,,,,
"catalogues_registries",157,1,,,,,,
"catalogues_registries",157,2,,,,,,
"catalogues_registries",157,3,,,,,,
"catalogues_registries",157,4,,,,,,
"catalogues_registries",157,5,,,,,,
"catalogues_registries",158,1,"DDI CVs","Deposit & Appraisal, Curation, Preservation, Reuse","DDI CVs","Discovery & Identification","Semantic : vocabularies and thesauri","Semantic : vocabularies and thesauri (Discovery & Identification)"
"catalogues_registries",158,2,"CESSDA CVs","Deposit & Appraisal, Curation, Reuse","CESSDA vocabulary service","Discovery & Identification","Semantic : vocabularies and thesauri","Semantic : vocabularies and thesauri (Discovery & Identification)"
"catalogues_registries",158,3,,,,,,
"catalogues_registries",158,4,,,,,,
"catalogues_registries",158,5,,,,,,
"catalogues_registries",159,1,,,,,,
"catalogues_registries",159,2,,,,,,
"catalogues_registries",159,3,,,,,,
"catalogues_registries",159,4,,,,,,
"catalogues_registries",159,5,,,,,,
"resources_services",1,1,"CESSDA Data Catalogue","discoverability, finding data","CESSDA Data catalogue","Discovery & Identification","Finding data","Discovery & Identification"
"resources_services",1,2,"DataCite","discoverability, finding data","DataCite","Deposit & Appraisal, Discovery & Identification","Finding data","Finding data (Deposit & Appraisal, Discovery & Identification)"
"resources_services",1,3,"OpenAIRE","reporting, discoverability, finding data","OpenAIRE","Discovery & Identification, Workflows","Finding data","Finding data (Discovery & Identification, Workflows)"
"resources_services",1,4,"BASE and national and institutional library catalogues","discoverability, finding data","BASE","Discovery & Identification","Finding data","Discovery & Identification"
"resources_services",1,5,"In den PDF there was also a question on catalogues which I answered above. Here is the asnwer for this question: Shibboleth login; ACOnet filesender","for access; for data deposit","In den PDF there was also a question on catalogues which I answered above. Here is the asnwer for this question: Shibboleth login; ACOnet filesender",,,
"resources_services",2,1,,,,,,
"resources_services",2,2,,,,,,
"resources_services",2,3,,,,,,
"resources_services",2,4,,,,,,
"resources_services",2,5,,,,,,
"resources_services",3,1,,,,,,
"resources_services",3,2,,,,,,
"resources_services",3,3,,,,,,
"resources_services",3,4,,,,,,
"resources_services",3,5,,,,,,
"resources_services",4,1,,,,,,
"resources_services",4,2,,,,,,
"resources_services",4,3,,,,,,
"resources_services",4,4,,,,,,
"resources_services",4,5,,,,,,
"resources_services",5,1,"Geonames","Controlled vocabulary for placenames (curation)","Geonames","Discovery & Identification","Semantic : geographical metadata","Semantic : geographical metadata (Discovery & Identification)"
"resources_services",5,2,"Handle.net","Managing items within the platform (DSpace); labeling communities and collections","Handle System","Access, Reuse, Preservation","Identifier registration","Access, Reuse, Preservation"
"resources_services",5,3,"DataCite DOIs (via British Library consortium)","issuing DOIs for items","Datacite","Deposit & Appraisal, Discovery & Identification","Identifier registration","Identifier registration (Deposit & Appraisal, Discovery & Identification)"
"resources_services",5,4,"HESA vocabulary","controlled subject vocabulary","HESA vocabulary","Discovery & Identification","Semantic : vocabularies and thesauri","Semantic : vocabularies and thesauri (Discovery & Identification)"
"resources_services",5,5,,,,,,
"resources_services",6,1,"RENATER register","Shibboleth authentication","RENATER register","Access","Authentication tools","Authentication tools (Access)"
"resources_services",6,2,"Agence nationale pour la Recherche registry of funded projects","Funding and project information fields","Agence nationale pour la Recherche registry of funded projects","Discovery & Identification, Workflows","Registries : funding information","Registries : funding information (Discovery & Identification, Workflows)"
"resources_services",6,3,,,,,,
"resources_services",6,4,,,,,,
"resources_services",6,5,,,,,,
"resources_services",7,1,,,,,,
"resources_services",7,2,,,,,,
"resources_services",7,3,,,,,,
"resources_services",7,4,,,,,,
"resources_services",7,5,,,,,,
"resources_services",8,1,,,,,,
"resources_services",8,2,,,,,,
"resources_services",8,3,,,,,,
"resources_services",8,4,,,,,,
"resources_services",8,5,,,,,,
"resources_services",9,1,,,,,,
"resources_services",9,2,,,,,,
"resources_services",9,3,,,,,,
"resources_services",9,4,,,,,,
"resources_services",9,5,,,,,,
"resources_services",10,1,,,,,,
"resources_services",10,2,,,,,,
"resources_services",10,3,,,,,,
"resources_services",10,4,,,,,,
"resources_services",10,5,,,,,,
"resources_services",11,1,"https://gnss-metadata.eu/","station information validation, Quality & Compliance","https://gnss-metadata.eu/","Quality & Compliance","Registries : stations","Registries : stations (Quality & Compliance)"
"resources_services",11,2,,,,,,
"resources_services",11,3,,,,,,
"resources_services",11,4,,,,,,
"resources_services",11,5,,,,,,
"resources_services",12,1,"IGS site log (standard to store GNSS station infomatio - text based)","Deposit, Access & Reuse, Quality & Compliance","IGS site log (standard to store GNSS station infomatio - text based)",,"Registries : stations","Deposit, Access & Reuse, Quality & Compliance"
"resources_services",12,2,"GeodesyML files","Deposit, Access & Reuse, Quality & Compliance","GeodesyML files","Deposit, Access & Reuse, Quality & Compliance",," (Deposit, Access & Reuse, Quality & Compliance)"
"resources_services",12,3,"Site pictures","Deposit, Access & Reuse, Quality & Compliance","Site pictures",,,"Deposit, Access & Reuse, Quality & Compliance"
"resources_services",12,4,,,,,,
"resources_services",12,5,,,,,,
"resources_services",13,1,,,,,,
"resources_services",13,2,,,,,,
"resources_services",13,3,,,,,,
"resources_services",13,4,,,,,,
"resources_services",13,5,,,,,,
"resources_services",14,1,"GND (Gemeinsame Normdatei)","authority files for personal names, institutions and metadata and controlled vocabulary (personal names, subject keywords, countries etc.)","GND (Gemeinsame Normdatei)",,"Semantic : vocabularies and thesauri",
"resources_services",14,2,"ORCID","metadata: personal names","ORCID","Discovery & Identification","Registries : persons","Registries : persons (Discovery & Identification)"
"resources_services",14,3,,,,,,
"resources_services",14,4,,,,,,
"resources_services",14,5,,,,,,
"resources_services",15,1,,,,,,
"resources_services",15,2,,,,,,
"resources_services",15,3,,,,,,
"resources_services",15,4,,,,,,
"resources_services",15,5,,,,,,
"resources_services",16,1,,,,,,
"resources_services",16,2,,,,,,
"resources_services",16,3,,,,,,
"resources_services",16,4,,,,,,
"resources_services",16,5,,,,,,
"resources_services",17,1,,,,,,
"resources_services",17,2,,,,,,
"resources_services",17,3,,,,,,
"resources_services",17,4,,,,,,
"resources_services",17,5,,,,,,
"resources_services",18,1,"DataCite","DOI registration","DataCite","Deposit & Appraisal, Discovery & Identification","Identifier registration","Identifier registration (Deposit & Appraisal, Discovery & Identification)"
"resources_services",18,2,"ORCID","Person identification, including lookup while submitting a dataset","ORCID","Discovery & Identification","Registries : persons","Registries : persons (Discovery & Identification)"
"resources_services",18,3,"ROR","Organisation unit identification, including funder identification (with lookup)","ROR",,"Registries : organizations","Registries : organizations ()"
"resources_services",18,4,,,,,,
"resources_services",18,5,,,,,,
"resources_services",19,1,"Common policies and guidelines with DataverseNO","Alignment of workflows","Common policies and guidelines with DataverseNO","Workflows","Alignment of workflows","Alignment of workflows (Workflows)"
"resources_services",19,2,"Feide","SSO authentication","Feide","Access","Authentication tools","Authentication tools (Access)"
"resources_services",19,3,"ORCID","SSO authentication","ORCID","Access","Authentication tools","Authentication tools (Access)"
"resources_services",19,4,"DataCite","PID assignment to dataset and files; discovery of metadata","DataCite","Deposit & Appraisal, Discovery & Identification","Identifier registration","Identifier registration (Deposit & Appraisal, Discovery & Identification)"
"resources_services",19,5,,,,,,
"resources_services",20,1,"Common policies and guidelines for repository consortium","Alignment of workflows","Common policies and guidelines for repository consortium","Workflows","Alignment of workflows","Alignment of workflows (Workflows)"
"resources_services",20,2,"Feide","SSO authentication","Feide","Access","Authentication tools","Authentication tools (Access)"
"resources_services",20,3,"ORCID","SSO authentication","ORCID","Access","Authentication tools","Authentication tools (Access)"
"resources_services",20,4,"DataCite","PID assignment to dataset and files; discovery of metadata","DataCite","Deposit & Appraisal, Discovery & Identification","Identifier registration","Identifier registration (Deposit & Appraisal, Discovery & Identification)"
"resources_services",20,5,,,,,,
"resources_services",21,1,,,,,,
"resources_services",21,2,,,,,,
"resources_services",21,3,,,,,,
"resources_services",21,4,,,,,,
"resources_services",21,5,,,,,,
"resources_services",22,1,,,,,,
"resources_services",22,2,,,,,,
"resources_services",22,3,,,,,,
"resources_services",22,4,,,,,,
"resources_services",22,5,,,,,,
"resources_services",23,1,,,,,,
"resources_services",23,2,,,,,,
"resources_services",23,3,,,,,,
"resources_services",23,4,,,,,,
"resources_services",23,5,,,,,,
"resources_services",24,1,"creative commons api","quality and compliance","creative commons api","Curation, Quality & Compliance","Registries : licences","Curation, Quality & Compliance"
"resources_services",24,2,,,,,,
"resources_services",24,3,,,,,,
"resources_services",24,4,,,,,,
"resources_services",24,5,,,,,,
"resources_services",25,1,,,,,,
"resources_services",25,2,,,,,,
"resources_services",25,3,,,,,,
"resources_services",25,4,,,,,,
"resources_services",25,5,,,,,,
"resources_services",26,1,,,,,,
"resources_services",26,2,,,,,,
"resources_services",26,3,,,,,,
"resources_services",26,4,,,,,,
"resources_services",26,5,,,,,,
"resources_services",27,1,,,,,,
"resources_services",27,2,,,,,,
"resources_services",27,3,,,,,,
"resources_services",27,4,,,,,,
"resources_services",27,5,,,,,,
"resources_services",28,1,,,,,,
"resources_services",28,2,,,,,,
"resources_services",28,3,,,,,,
"resources_services",28,4,,,,,,
"resources_services",28,5,,,,,,
"resources_services",29,1,"https://nakala.fr/","DOI, diffusion and preservation","Nakala","Deposit & Appraisal, Discovery & Identification, Access, Preservation","DOI, diffusion and preservation",
"resources_services",29,2,,,,,,
"resources_services",29,3,,,,,,
"resources_services",29,4,,,,,,
"resources_services",29,5,,,,,,
"resources_services",30,1,,,,,,
"resources_services",30,2,,,,,,
"resources_services",30,3,,,,,,
"resources_services",30,4,,,,,,
"resources_services",30,5,,,,,,
"resources_services",31,1,,,,,,
"resources_services",31,2,,,,,,
"resources_services",31,3,,,,,,
"resources_services",31,4,,,,,,
"resources_services",31,5,,,,,,
"resources_services",32,1,,,,,,
"resources_services",32,2,,,,,,
"resources_services",32,3,,,,,,
"resources_services",32,4,,,,,,
"resources_services",32,5,,,,,,
"resources_services",33,1,,,,,,
"resources_services",33,2,,,,,,
"resources_services",33,3,,,,,,
"resources_services",33,4,,,,,,
"resources_services",33,5,,,,,,
"resources_services",34,1,,,,,,
"resources_services",34,2,,,,,,
"resources_services",34,3,,,,,,
"resources_services",34,4,,,,,,
"resources_services",34,5,,,,,,
"resources_services",35,1,,,,,,
"resources_services",35,2,,,,,,
"resources_services",35,3,,,,,,
"resources_services",35,4,,,,,,
"resources_services",35,5,,,,,,
"resources_services",36,1,,,,,,
"resources_services",36,2,,,,,,
"resources_services",36,3,,,,,,
"resources_services",36,4,,,,,,
"resources_services",36,5,,,,,,
"resources_services",37,1,"Handle Sistem","Access, Reuse, Preservation","Handle Sistem","Access, Reuse, Preservation","Identifier registration","Access, Reuse, Preservation"
"resources_services",37,2,"OAI-PMH","Access","OAI-PMH","Access","Harvesting","Harvesting (Access)"
"resources_services",37,3,"Ellena (service developed by the University of Belgrade Computer Centre)","Deposit & Appraisal (metadata import), Curation (massive metadata editing, ORCID assignment)","Ellena (U. of Belgrade local service)","Deposit & Appraisal, Curation, Quality & Compliance","Curation","Deposit & Appraisal, Curation, Quality & Compliance"
"resources_services",37,4,"NomadLite (service developed by the University of Belgrade Computer Centre)","Curation (funding information assignment based on text meaning: assigning Web of Science and Scopus article identifiers)","NomadLite (U. of Belgrade local service)","Discovery & Identification","Link to publications","Link to publications (Discovery & Identification)"
"resources_services",37,4,"NomadLite (service developed by the University of Belgrade Computer Centre)","Curation (funding information assignment based on text meaning: assigning Web of Science and Scopus article identifiers)","NomadLite (U. of Belgrade local service)","Curation, Quality & Compliance","Registries : funding information","Registries : funding information (Curation, Quality & Compliance)"
"resources_services",37,5,"APP (service developed by the University of Belgrade Computer Centre)","Access, Reuse","APP (U. of Belgrade local service)","Access, Reuse","Access","Access, Reuse"
"resources_services",38,1,"Handle System","Access, Reuse, Preservation","Handle System","Access, Reuse, Preservation","Identifier registration","Access, Reuse, Preservation"
"resources_services",38,2,"OAI-PMH","Access","OAI-PMH","Access","Harvesting","Harvesting (Access)"
"resources_services",38,3,"Ellena (service developed by the University of Belgrade Computer Centre)","Deposit & Appraisal (metadata import), Curation (massive metadata editing, ORCID assignment)","Ellena (U. of Belgrade local service)","Deposit & Appraisal, Curation, Quality & Compliance","Curation","Deposit & Appraisal, Curation, Quality & Compliance"
"resources_services",38,4,"NomadLite (service developed by the University of Belgrade Computer Centre)","Curation (funding information assignment based on text mining; assigning Web of Science and Scopus article identifiers)","NomadLite (U. of Belgrade local service)","Discovery & Identification","Link to publications","Link to publications (Discovery & Identification)"
"resources_services",38,4,"NomadLite (service developed by the University of Belgrade Computer Centre)","Curation (funding information assignment based on text mining; assigning Web of Science and Scopus article identifiers)","NomadLite (U. of Belgrade local service)","Curation, Quality & Compliance","Registries : funding information","Registries : funding information (Curation, Quality & Compliance)"
"resources_services",38,5,"APP (service developed by the University of Belgrade Computer Centre)","Access, Reuse","APP (U. of Belgrade local service)","Access, Reuse","Access","Access, Reuse"
"resources_services",39,1,,,,,,
"resources_services",39,2,,,,,,
"resources_services",39,3,,,,,,
"resources_services",39,4,,,,,,
"resources_services",39,5,,,,,,
"resources_services",40,1,,,,,,
"resources_services",40,2,,,,,,
"resources_services",40,3,,,,,,
"resources_services",40,4,,,,,,
"resources_services",40,5,,,,,,
"resources_services",41,1,,,,,,
"resources_services",41,2,,,,,,
"resources_services",41,3,,,,,,
"resources_services",41,4,,,,,,
"resources_services",41,5,,,,,,
"resources_services",42,1,,,,,,
"resources_services",42,2,,,,,,
"resources_services",42,3,,,,,,
"resources_services",42,4,,,,,,
"resources_services",42,5,,,,,,
"resources_services",43,1,,,,,,
"resources_services",43,2,,,,,,
"resources_services",43,3,,,,,,
"resources_services",43,4,,,,,,
"resources_services",43,5,,,,,,
"resources_services",44,1,,,,,,
"resources_services",44,2,,,,,,
"resources_services",44,3,,,,,,
"resources_services",44,4,,,,,,
"resources_services",44,5,,,,,,
"resources_services",45,1,"EDMO (European Directory of Marine Organizations) ","For names (creators, contributors); For affiliations, For funder organisations","EDMO (European Directory of Marine Organizations) ",,"Registries : organizations","Registries : organizations ()"
"resources_services",45,1,"ORCID","For names (creators, contributors); For affiliations, For funder organisations","ORCID",,"Registries : persons","#REF!"
"resources_services",45,1,"ROR","For names (creators, contributors); For affiliations, For funder organisations","ROR, ORCID, European Directory of Marine Organisations (EDMO)",,"Registries : organizations","Registries : funding information ()"
"resources_services",45,2,"CORDIS","For grant data","CORDIS","Discovery & Identification","Registries : funding information","Registries : funding information (Discovery & Identification)"
"resources_services",45,2,"OpenAIRE Graph, CORDIS","For grant data","OpenAIRE Graph, CORDIS","Discovery & Identification","Registries : funding information","Registries : funding information (Discovery & Identification)"
"resources_services",45,3,"EuroSciVoc","For subject classification","EuroSciVoc","Discovery & Identification","Semantic : vocabularies and thesauri","Semantic : vocabularies and thesauri (Discovery & Identification)"
"resources_services",45,3,"GEMET","For subject classification","GEMET","Discovery & Identification","Semantic : vocabularies and thesauri","Semantic : vocabularies and thesauri (Discovery & Identification)"
"resources_services",45,3,"MeSH","For subject classification","MeSH","Discovery & Identification","Semantic : vocabularies and thesauri","Semantic : vocabularies and thesauri (Discovery & Identification)"
"resources_services",45,4,,,,,,
"resources_services",45,5,,,,,,
"resources_services",46,1,"DataCite","Discovery & Identification (DOI minting)","DataCite","Deposit & Appraisal, Discovery & Identification","Identifier registration","Identifier registration (Deposit & Appraisal, Discovery & Identification)"
"resources_services",46,2,"B2FIND","Discovery & Identification of datasets","B2Find","Discovery & Identification","Data catalogues","Discovery & Identification"
"resources_services",46,3,"https://gepris.dfg.de/gepris/OCTOPUS","Identification of Research projects","https://gepris.dfg.de/gepris/OCTOPUS","Discovery & Identification","Project information","Project information (Discovery & Identification)"
"resources_services",46,4,"OpenAIRE","Identification of Research projects and Datasets","OpenAIRE","Discovery & Identification","Project information","Project information (Discovery & Identification)"
"resources_services",46,5,"Research Information System of the institution","Identification of Research projects","Research Information System of the institution",,"Registries : organizations","Registries : organizations ()"
"resources_services",47,1,,,,,,
"resources_services",47,2,,,,,,
"resources_services",47,3,,,,,,
"resources_services",47,4,,,,,,
"resources_services",47,5,,,,,,
"resources_services",48,1,,,,,,
"resources_services",48,2,,,,,,
"resources_services",48,3,,,,,,
"resources_services",48,4,,,,,,
"resources_services",48,5,,,,,,
"resources_services",49,1,,,,,,
"resources_services",49,2,,,,,,
"resources_services",49,3,,,,,,
"resources_services",49,4,,,,,,
"resources_services",49,5,,,,,,
"resources_services",50,1,,,,,,
"resources_services",50,2,,,,,,
"resources_services",50,3,,,,,,
"resources_services",50,4,,,,,,
"resources_services",50,5,,,,,,
"resources_services",51,1,,,,,,
"resources_services",51,2,,,,,,
"resources_services",51,3,,,,,,
"resources_services",51,4,,,,,,
"resources_services",51,5,,,,,,
"resources_services",52,1,"ProteomeXchange/PRIDE standalone submission tool","Enable submission to users","ProteomeXchange/PRIDE standalone submission tool","Deposit & Appraisal","Enable submission to users","Enable submission to users (Deposit & Appraisal)"
"resources_services",52,2,,,,,,
"resources_services",52,3,,,,,,
"resources_services",52,4,,,,,,
"resources_services",52,5,,,,,,
"resources_services",53,1,,,,,,
"resources_services",53,2,,,,,,
"resources_services",53,3,,,,,,
"resources_services",53,4,,,,,,
"resources_services",53,5,,,,,,
"resources_services",54,1,,,,,,
"resources_services",54,2,,,,,,
"resources_services",54,3,,,,,,
"resources_services",54,4,,,,,,
"resources_services",54,5,,,,,,
"resources_services",55,1,,,,,,
"resources_services",55,2,,,,,,
"resources_services",55,3,,,,,,
"resources_services",55,4,,,,,,
"resources_services",55,5,,,,,,
"resources_services",56,1,,,,,,
"resources_services",56,2,,,,,,
"resources_services",56,3,,,,,,
"resources_services",56,4,,,,,,
"resources_services",56,5,,,,,,
"resources_services",57,1,,,,,,
"resources_services",57,2,,,,,,
"resources_services",57,3,,,,,,
"resources_services",57,4,,,,,,
"resources_services",57,5,,,,,,
"resources_services",58,1,,,,,,
"resources_services",58,2,,,,,,
"resources_services",58,3,,,,,,
"resources_services",58,4,,,,,,
"resources_services",58,5,,,,,,
"resources_services",59,1,,,,,,
"resources_services",59,2,,,,,,
"resources_services",59,3,,,,,,
"resources_services",59,4,,,,,,
"resources_services",59,5,,,,,,
"resources_services",60,1,,,,,,
"resources_services",60,2,,,,,,
"resources_services",60,3,,,,,,
"resources_services",60,4,,,,,,
"resources_services",60,5,,,,,,
"resources_services",61,1,,,,,,
"resources_services",61,2,,,,,,
"resources_services",61,3,,,,,,
"resources_services",61,4,,,,,,
"resources_services",61,5,,,,,,
"resources_services",62,1,,,,,,
"resources_services",62,2,,,,,,
"resources_services",62,3,,,,,,
"resources_services",62,4,,,,,,
"resources_services",62,5,,,,,,
"resources_services",63,1,,,,,,
"resources_services",63,2,,,,,,
"resources_services",63,3,,,,,,
"resources_services",63,4,,,,,,
"resources_services",63,5,,,,,,
"resources_services",64,1,,,,,,
"resources_services",64,2,,,,,,
"resources_services",64,3,,,,,,
"resources_services",64,4,,,,,,
"resources_services",64,5,,,,,,
"resources_services",65,1,,,,,,
"resources_services",65,2,,,,,,
"resources_services",65,3,,,,,,
"resources_services",65,4,,,,,,
"resources_services",65,5,,,,,,
"resources_services",66,1,,,,,,
"resources_services",66,2,,,,,,
"resources_services",66,3,,,,,,
"resources_services",66,4,,,,,,
"resources_services",66,5,,,,,,
"resources_services",67,1,,,,,,
"resources_services",67,2,,,,,,
"resources_services",67,3,,,,,,
"resources_services",67,4,,,,,,
"resources_services",67,5,,,,,,
"resources_services",68,1,,,,,,
"resources_services",68,2,,,,,,
"resources_services",68,3,,,,,,
"resources_services",68,4,,,,,,
"resources_services",68,5,,,,,,
"resources_services",69,1,,,,,,
"resources_services",69,2,,,,,,
"resources_services",69,3,,,,,,
"resources_services",69,4,,,,,,
"resources_services",69,5,,,,,,
"resources_services",70,1,,,,,,
"resources_services",70,2,,,,,,
"resources_services",70,3,,,,,,
"resources_services",70,4,,,,,,
"resources_services",70,5,,,,,,
"resources_services",71,1,,,,,,
"resources_services",71,2,,,,,,
"resources_services",71,3,,,,,,
"resources_services",71,4,,,,,,
"resources_services",71,5,,,,,,
"resources_services",72,1,,,,,,
"resources_services",72,2,,,,,,
"resources_services",72,3,,,,,,
"resources_services",72,4,,,,,,
"resources_services",72,5,,,,,,
"resources_services",73,1,,,,,,
"resources_services",73,2,,,,,,
"resources_services",73,3,,,,,,
"resources_services",73,4,,,,,,
"resources_services",73,5,,,,,,
"resources_services",74,1,,,,,,
"resources_services",74,2,,,,,,
"resources_services",74,3,,,,,,
"resources_services",74,4,,,,,,
"resources_services",74,5,,,,,,
"resources_services",75,1,,,,,,
"resources_services",75,2,,,,,,
"resources_services",75,3,,,,,,
"resources_services",75,4,,,,,,
"resources_services",75,5,,,,,,
"resources_services",76,1,"https://www.optimade.org","REST API standardization","https://www.optimade.org",,"REST API standardization",
"resources_services",76,2,,,,,,
"resources_services",76,3,,,,,,
"resources_services",76,4,,,,,,
"resources_services",76,5,,,,,,
"resources_services",77,2,,,,,,
"resources_services",77,3,,,,,,
"resources_services",77,4,,,,,,
"resources_services",77,5,,,,,,
"resources_services",78,1,,,,,,
"resources_services",78,2,,,,,,
"resources_services",78,3,,,,,,
"resources_services",78,4,,,,,,
"resources_services",78,5,,,,,,
"resources_services",79,1,,,,,,
"resources_services",79,2,,,,,,
"resources_services",79,3,,,,,,
"resources_services",79,4,,,,,,
"resources_services",79,5,,,,,,
"resources_services",80,1,,,,,,
"resources_services",80,2,,,,,,
"resources_services",80,3,,,,,,
"resources_services",80,4,,,,,,
"resources_services",80,5,,,,,,
"resources_services",81,1,,,,,,
"resources_services",81,2,,,,,,
"resources_services",81,3,,,,,,
"resources_services",81,4,,,,,,
"resources_services",81,5,,,,,,
"resources_services",82,1,,,,,,
"resources_services",82,2,,,,,,
"resources_services",82,3,,,,,,
"resources_services",82,4,,,,,,
"resources_services",82,5,,,,,,
"resources_services",83,1,"DataCite","PID registration","DataCite","Deposit & Appraisal, Discovery & Identification","Identifier registration","Identifier registration (Deposit & Appraisal, Discovery & Identification)"
"resources_services",83,2,"CESSDA Data Catalogue (https://datacatalogue.cessda.eu/)","Discovery","CESSDA Data catalogue","Discovery & Identification","Data catalogues","Discovery & Identification"
"resources_services",83,3,"VerbundFDB (German Network of Educational Research Data) Search (https://www.forschungsdaten-bildung.de/en/dataservices/find/search/)","Discovery","VerbundFDB (German Network of Educational Research Data) Search (https://www.forschungsdaten-bildung.de/en/dataservices/find/search/)",,"Discovery","Discovery & Identification"
"resources_services",83,4,"RatSWD Data Search (https://www.konsortswd.de/en/services/research/data-search/)","Discovery","RatSWD Data Search (https://www.konsortswd.de/en/services/research/data-search/)","Discovery & Identification",," (Discovery & Identification)"
"resources_services",83,5,,,,,,
"resources_services",84,1,,,,,,
"resources_services",84,2,,,,,,
"resources_services",84,3,,,,,,
"resources_services",84,4,,,,,,
"resources_services",84,5,,,,,,
"resources_services",85,1,"eduGAIN/CLARIN Service Provider Federation","Single Sign On, Access","eduGAIN","Deposit & Appraisal","Authentication tools","Authentication tools (Deposit & Appraisal)"
"resources_services",85,2,"(I don't quite understand the question above)",,,,"__NULL","__NULL ()"
"resources_services",85,3,,,,,,
"resources_services",85,4,,,,,,
"resources_services",85,5,,,,,,
"resources_services",86,1,"Handle System","Access, Reuse, Preservation","Handle System","Access, Reuse, Preservation","Identifier registration","Access, Reuse, Preservation"
"resources_services",86,2,"OAI-PMH","Access","OAI-PMH","Access","Harvesting","Harvesting (Access)"
"resources_services",86,3,"Ellena (service developed by the University of Belgrade Computer Centre)","Deposit & Appraisal (metadata import), Curation (massive metadata editing, ORCID assignment)","Ellena (U. of Belgrade local service)","Deposit & Appraisal, Curation, Quality & Compliance","Curation","Deposit & Appraisal, Curation, Quality & Compliance"
"resources_services",86,4,"NomadLite (service developed by the University of Belgrade Computer Centre)","Curation (funding information assignment based on text mining; assigning Web of Science and Scopus article identifiers)","NomadLite (U. of Belgrade local service)","Discovery & Identification","Link to publications","Link to publications (Discovery & Identification)"
"resources_services",86,4,"NomadLite (service developed by the University of Belgrade Computer Centre)","Curation (funding information assignment based on text mining; assigning Web of Science and Scopus article identifiers)","NomadLite (U. of Belgrade local service)","Curation, Quality & Compliance","Registries : funding information","Registries : funding information (Curation, Quality & Compliance)"
"resources_services",86,5,"APP (service developed by the University of Belgrade Computer Centre)","Access, Reuse","APP (U. of Belgrade local service)","Access, Reuse","Access","Access, Reuse"
"resources_services",87,1,,,,,,
"resources_services",87,2,,,,,,
"resources_services",87,3,,,,,,
"resources_services",87,4,,,,,,
"resources_services",87,5,,,,,,
"resources_services",88,1,,,,,,
"resources_services",88,2,,,,,,
"resources_services",88,3,,,,,,
"resources_services",88,4,,,,,,
"resources_services",88,5,,,,,,
"resources_services",89,1,"The European Language Social Science Thesaurus (ELSST)","To identify keywords","The European Language Social Science Thesaurus (ELSST)",,"Semantic : vocabularies and thesauri","Semantic : vocabularies and thesauri ()"
"resources_services",89,2,"CESSDA Vocabulary Service","To standardize descriptions in metadata","CESSDA Vocabulary Service","Discovery & Identification","Standardize descriptions in metadata","Standardize descriptions in metadata (Discovery & Identification)"
"resources_services",89,3,,,,,,
"resources_services",89,4,,,,,,
"resources_services",89,5,,,,,,
"resources_services",90,1,,,,,,
"resources_services",90,2,,,,,,
"resources_services",90,3,,,,,,
"resources_services",90,4,,,,,,
"resources_services",90,5,,,,,,
"resources_services",91,1,,,,,,
"resources_services",91,2,,,,,,
"resources_services",91,3,,,,,,
"resources_services",91,4,,,,,,
"resources_services",91,5,,,,,,
"resources_services",92,1,"SURFconext","identity and access management","SURFconext",,"Authentication tools","Authentication tools ()"
"resources_services",92,2,,,,,,
"resources_services",92,3,,,,,,
"resources_services",92,4,,,,,,
"resources_services",92,5,,,,,,
"resources_services",93,1,,,,,,
"resources_services",93,2,,,,,,
"resources_services",93,3,,,,,,
"resources_services",93,4,,,,,,
"resources_services",93,5,,,,,,
"resources_services",94,1,,,,,,
"resources_services",94,2,,,,,,
"resources_services",94,3,,,,,,
"resources_services",94,4,,,,,,
"resources_services",94,5,,,,,,
"resources_services",95,1,"National Digital Preservation Service (PAS)","Used to ensure the long-term preservation and accessibility of digital objects within our repository. Activity/Function: Preservation","National Digital Preservation Service (PAS)","Preservation","Preservation service","Preservation"
"resources_services",95,2,"CESSDA Data Catalogue","Provide access to archived datasets. (Reuse, Curation, Quality & Compliance)","CESSDA Data catalogue","Curation, Quality & Compliance, Reuse","Data catalogues","Curation, Quality & Compliance, Reuse"
"resources_services",95,3,,,,,,
"resources_services",95,4,,,,,,
"resources_services",95,5,,,,,,
"resources_services",96,1,,,,,,
"resources_services",96,2,,,,,,
"resources_services",96,3,,,,,,
"resources_services",96,4,,,,,,
"resources_services",96,5,,,,,,
"resources_services",97,1,,,,,,
"resources_services",97,2,,,,,,
"resources_services",97,3,,,,,,
"resources_services",97,4,,,,,,
"resources_services",97,5,,,,,,
"resources_services",98,1,,,,,,
"resources_services",98,2,,,,,,
"resources_services",98,3,,,,,,
"resources_services",98,4,,,,,,
"resources_services",98,5,,,,,,
"resources_services",99,1,"ORCID","Deposit","ORCID","Deposit & Appraisal","Deposit","Deposit (Deposit & Appraisal)"
"resources_services",99,2,"eduGAIN","Deposit","eduGAIN","Deposit & Appraisal","Authentication tools","Authentication tools (Deposit & Appraisal)"
"resources_services",99,3,"PIONIER.id","Deposit","PIONIER.id","Deposit & Appraisal","Deposit","Deposit (Deposit & Appraisal)"
"resources_services",99,4,"DataCite","Deposit / Curation","DataCite","Deposit & Appraisal, Discovery & Identification","Identifier registration","Identifier registration (Deposit & Appraisal, Discovery & Identification)"
"resources_services",99,5,"Open Street Map","Quality","Open Street Map","Quality & Compliance","Semantic : geographical metadata","Semantic : geographical metadata (Quality & Compliance)"
"resources_services",100,1,"DataCite","To generate DOIs","DataCite","Deposit & Appraisal, Discovery & Identification","Identifier registration","Identifier registration (Deposit & Appraisal, Discovery & Identification)"
"resources_services",100,2,,,,,,
"resources_services",100,3,,,,,,
"resources_services",100,4,,,,,,
"resources_services",100,5,,,,,,
"resources_services",101,1,"APTrust","Preservation","APTrust","Preservation","Preservation service","Preservation"
"resources_services",101,2,"Globus","Deposit, Access","Globus","Deposit & Appraisal, Access",,
"resources_services",101,3,"Fedora","Storage","Fedora software","Deposit & Appraisal","Storage","Storage (Deposit & Appraisal)"
"resources_services",101,4,"ORCiD","Access","ORCiD","Access, Reuse","Registries : persons","Registries : persons (Access, Reuse)"
"resources_services",101,5,,,,,,
"resources_services",102,1,,,,,,
"resources_services",102,2,,,,,,
"resources_services",102,3,,,,,,
"resources_services",102,4,,,,,,
"resources_services",102,5,,,,,,
"resources_services",103,1,,,,,,
"resources_services",103,2,,,,,,
"resources_services",103,3,,,,,,
"resources_services",103,4,,,,,,
"resources_services",103,5,,,,,,
"resources_services",104,1,"AgroPortal is federated with other OntoPortal instance such as: EcoPortal, EarthPortal, BiodivPortal","Access and search other content in another repository","Agroportal/Ontoportal federation","Access","Access content through a federation","Access content through a federation (Access)"
"resources_services",104,2,,,,,,
"resources_services",104,3,,,,,,
"resources_services",104,4,,,,,,
"resources_services",104,5,,,,,,
"resources_services",105,1,"PaNOSC federated search portal - https://data.panosc.eu","Federated search for data across multiple data repositories of photon data","PaNOSC federated search portal - https://data.panosc.eu","Discovery & Identification","Federated search for data across multiple data repositories of photon data","Federated search for data across multiple data repositories of photon data (Discovery & Identification)"
"resources_services",105,2,,,,,,
"resources_services",105,3,,,,,,
"resources_services",105,4,,,,,,
"resources_services",105,5,,,,,,
"resources_services",106,1,,,,,,
"resources_services",106,2,,,,,,
"resources_services",106,3,,,,,,
"resources_services",106,4,,,,,,
"resources_services",106,5,,,,,,
"resources_services",107,1,,,,,,
"resources_services",107,2,,,,,,
"resources_services",107,3,,,,,,
"resources_services",107,4,,,,,,
"resources_services",107,5,,,,,,
"resources_services",108,1,"COAR Vocabularies (Resource types, access rights, versioning)","Deposit & Appraisal, Curation, Quality & Compliance, Access, Reuse, Preservation","COAR Vocabularies","Deposit & Appraisal, Curation, Quality & Compliance, Reuse, Preservation","Semantic : vocabularies and thesauri","Deposit & Appraisal, Curation, Quality & Compliance, Reuse, Preservation"
"resources_services",108,2,"ISO Language Codes (ISO 639)","Deposit & Appraisal, Access, Reuse, Preservation","ISO Language Codes (ISO 639)","Discovery & Identification","ISO standard",
"resources_services",108,3,"Persistent Identifier (PID) Registries","Access, Reuse, Preservation","Persistent Identifier (PID) Registries","Access, Reuse, Preservation","Registries : persistent identifiers","Registries : persistent identifiers (Access, Reuse, Preservation)"
"resources_services",108,4,"Creative Commons Licences Registry","Access, Reuse","Creative Commons Licences Registry","Access, Reuse","Registries : licences","Access, Reuse"
"resources_services",108,5,"Handle System","Access, Reuse, Preservation","Handle System","Access, Reuse, Preservation","Identifier registration","Access, Reuse, Preservation"
"resources_services",109,1,,,,,,
"resources_services",109,2,,,,,,
"resources_services",109,3,,,,,,
"resources_services",109,4,,,,,,
"resources_services",109,5,,,,,,
"resources_services",110,1,,,,,,
"resources_services",110,2,,,,,,
"resources_services",110,3,,,,,,
"resources_services",110,4,,,,,,
"resources_services",110,5,,,,,,
"resources_services",111,1,,,,,,
"resources_services",111,2,,,,,,
"resources_services",111,3,,,,,,
"resources_services",111,4,,,,,,
"resources_services",111,5,,,,,,
"resources_services",112,1,,,,,,
"resources_services",112,2,,,,,,
"resources_services",112,3,,,,,,
"resources_services",112,4,,,,,,
"resources_services",112,5,,,,,,
"resources_services",113,1,"Handle System Purpose","Access, Reuse, Preservation","Handle System","Access, Reuse, Preservation","Identifier registration","Access, Reuse, Preservation"
"resources_services",113,2,"OAI-PMH","Access","OAI-PMH","Access","Harvesting","Harvesting (Access)"
"resources_services",113,3,"Ellena (service developed by the University of Belgrade Computer Centre)","Deposit & Appraisal (metadata import), Curation (massive metadata editing, ORCID assignment)","Ellena (U. of Belgrade local service)","Deposit & Appraisal, Curation, Quality & Compliance","Curation","Deposit & Appraisal, Curation, Quality & Compliance"
"resources_services",113,4,"NomadLite (service developed by the University of Belgrade Computer Centre)","Curation (funding information assignment based on text mining; assigning Web of Science and Scopus article identifiers)","NomadLite (U. of Belgrade local service)","Discovery & Identification","Link to publications","Link to publications (Discovery & Identification)"
"resources_services",113,4,"NomadLite (service developed by the University of Belgrade Computer Centre)","Curation (funding information assignment based on text mining; assigning Web of Science and Scopus article identifiers)","NomadLite (U. of Belgrade local service)","Curation, Quality & Compliance","Registries : funding information","Registries : funding information (Curation, Quality & Compliance)"
"resources_services",113,5,"APP (service developed by the University of Belgrade Computer Centre)","Access, Reuse","APP (U. of Belgrade local service)","Access, Reuse","Access","Access, Reuse"
"resources_services",114,1,,,,,,
"resources_services",114,2,,,,,,
"resources_services",114,3,,,,,,
"resources_services",114,4,,,,,,
"resources_services",114,5,,,,,,
"resources_services",115,1,,,,,,
"resources_services",115,2,,,,,,
"resources_services",115,3,,,,,,
"resources_services",115,4,,,,,,
"resources_services",115,5,,,,,,
"resources_services",116,1,"National HAKA and VIRTU user authentication methods",,"National HAKA and VIRTU user authentication methods","Access","Authentication tools",
"resources_services",116,2,"DataCite DOI and National Library of Finland URN","Dataset PIDs for access and reuse.","Datacite","Deposit & Appraisal, Discovery & Identification","Identifier registration","Identifier registration (Deposit & Appraisal, Discovery & Identification)"
"resources_services",116,3,,,,,,
"resources_services",116,4,,,,,,
"resources_services",116,5,,,,,,
"resources_services",117,1,"Handle System","Access, Reuse, Preservation","Handle System","Access, Reuse, Preservation","Identifier registration","Access, Reuse, Preservation"
"resources_services",117,2,"OAI-PMH","Access","OAI-PMH","Access","Harvesting","Harvesting (Access)"
"resources_services",117,3,"Ellena (service developed by the University of Belgrade Computer Centre)","eposit & Appraisal (metadata import), Curation (massive metadata editing, ORCID assignment)","Ellena (U. of Belgrade local service)","Deposit & Appraisal, Curation, Quality & Compliance","Curation","Deposit & Appraisal, Curation, Quality & Compliance"
"resources_services",117,4,"NomadLite (service developed by the University of Belgrade Computer Centre)","Curation (funding information assignment based on text mining; assigning Web of Science and Scopus article identifiers)","NomadLite (U. of Belgrade local service)","Discovery & Identification","Link to publications","Link to publications (Discovery & Identification)"
"resources_services",117,4,"NomadLite (service developed by the University of Belgrade Computer Centre)","Curation (funding information assignment based on text mining; assigning Web of Science and Scopus article identifiers)","NomadLite (U. of Belgrade local service)","Curation, Quality & Compliance","Registries : funding information","Registries : funding information (Curation, Quality & Compliance)"
"resources_services",117,5,"APP (service developed by the University of Belgrade Computer Centre)","Access, Reuse","APP (U. of Belgrade local service)","Access, Reuse","Access","Access, Reuse"
"resources_services",118,1,"Handle System","Access, Reuse, Preservation","Handle System","Access, Reuse, Preservation","Identifier registration","Access, Reuse, Preservation"
"resources_services",118,2,"OAI-PMH","Access","OAI-PMH","Access","Harvesting","Harvesting (Access)"
"resources_services",118,3,"Ellena (service developed by the University of Belgrade Computer Centre)","Deposit & Appraisal (metadata import), Curation (massive metadata editing, ORCID assignment)","Ellena (U. of Belgrade local service)","Deposit & Appraisal, Curation, Quality & Compliance","Curation","Deposit & Appraisal, Curation, Quality & Compliance"
"resources_services",118,4,"NomadLite (service developed by the University of Belgrade Computer Centre)","Curation (funding information assignment based on text mining; assigning Web of Science and Scopus article identifiers)","NomadLite (U. of Belgrade local service)","Discovery & Identification","Link to publications","Link to publications (Discovery & Identification)"
"resources_services",118,4,"NomadLite (service developed by the University of Belgrade Computer Centre)","Curation (funding information assignment based on text mining; assigning Web of Science and Scopus article identifiers)","NomadLite (U. of Belgrade local service)","Curation, Quality & Compliance","Registries : funding information","Registries : funding information (Curation, Quality & Compliance)"
"resources_services",118,5,"APP (service developed by the University of Belgrade Computer Centre","Access, Reuse","APP (U. of Belgrade local service)","Access, Reuse","Access","Access, Reuse"
"resources_services",119,1,"[F-UJI](https://www.f-uji.net/)","FAIRness assessment of the datasets","F-UJI","Deposit & Appraisal, Curation, Quality & Compliance","Dataset Assessment","Dataset Assessment (Deposit & Appraisal, Curation, Quality & Compliance)"
"resources_services",119,2,"[BIDS Validator](https://github.com/bids-standard/bids-validator)","BIDS-compliance assessment of the datasets","BIDS Validator","Deposit & Appraisal, Curation, Quality & Compliance","Dataset Assessment","Dataset Assessment (Deposit & Appraisal, Curation, Quality & Compliance)"
"resources_services",119,3,"[Neurobagel](https://neurobagel.org/)","For dataset harmonization and querying","Neurobagel","Deposit & Appraisal, Curation, Quality & Compliance","Dataset Assessment","Dataset Assessment (Deposit & Appraisal, Curation, Quality & Compliance)"
"resources_services",119,4,,,,,,
"resources_services",119,5,,,,,,
"resources_services",120,1,"COAR Vocabularies (Resource types, access rights, versioning)","Deposit & Appraisal, Curation, Quality & Compliance, Access, Reuse, Preservation","COAR Vocabularies","Deposit & Appraisal, Curation, Quality & Compliance, Reuse, Preservation",,"Deposit & Appraisal, Curation, Quality & Compliance, Reuse, Preservation"
"resources_services",120,2,"ISO Language Codes (ISO 639)","Deposit & Appraisal, Access, Reuse, Preservation","ISO Language Codes (ISO 639)","Discovery & Identification","ISO standard",
"resources_services",120,3,"Persistent Identifier (PID) Registries","Access, Reuse, Preservation","Persistent Identifier (PID) Registries","Access, Reuse, Preservation",," (Access, Reuse, Preservation)"
"resources_services",120,4,"Creative Commons Licences Registry","Access, Reuse","Creative Commons Licences Registry","Access, Reuse","Registries : licences","Access, Reuse"
"resources_services",120,5,"Handle System","Access, Reuse, Preservation","Handle System","Access, Reuse, Preservation","Identifier registration","Access, Reuse, Preservation"
"resources_services",121,1,"Handle System","Access, Reuse, Preservation","Handle System","Access, Reuse, Preservation","Identifier registration","Access, Reuse, Preservation"
"resources_services",121,2,"OAI-PMH","Access","OAI-PMH","Access","Harvesting","Harvesting (Access)"
"resources_services",121,3,"Ellena (service developed by the University of Belgrade Computer Centre)","Deposit & Appraisal (metadata import), Curation (massive metadata editing, ORCID assignment)","Ellena (U. of Belgrade local service)","Deposit & Appraisal, Curation, Quality & Compliance","Curation","Deposit & Appraisal, Curation, Quality & Compliance"
"resources_services",121,4,"NomadLite (service developed by the University of Belgrade Computer Centre)","Curation (funding information assignment based on text mining; assigning Web of Science and Scopus article identifiers","NomadLite (U. of Belgrade local service)","Discovery & Identification","Link to publications","Link to publications (Discovery & Identification)"
"resources_services",121,4,"NomadLite (service developed by the University of Belgrade Computer Centre)","Curation (funding information assignment based on text mining; assigning Web of Science and Scopus article identifiers","NomadLite (U. of Belgrade local service)","Curation, Quality & Compliance","Registries : funding information","Registries : funding information (Curation, Quality & Compliance)"
"resources_services",121,5,"APP (service developed by the University of Belgrade Computer Centre)","Access, Reuse","APP (U. of Belgrade local service)","Access, Reuse","Access","Access, Reuse"
"resources_services",122,1,,,,,,
"resources_services",122,2,,,,,,
"resources_services",122,3,,,,,,
"resources_services",122,4,,,,,,
"resources_services",122,5,,,,,,
"resources_services",123,1,,,,,,
"resources_services",123,2,,,,,,
"resources_services",123,3,,,,,,
"resources_services",123,4,,,,,,
"resources_services",123,5,,,,,,
"resources_services",124,1,,,,,,
"resources_services",124,2,,,,,,
"resources_services",124,3,,,,,,
"resources_services",124,4,,,,,,
"resources_services",124,5,,,,,,
"resources_services",125,1,"APP (service developed by the University of Belgrade Computer Centre)","Access, Reuse,","APP (U. of Belgrade local service)","Access, Reuse","Access","Access, Reuse"
"resources_services",125,2,"OAI-PMH","Access","OAI-PMH","Access","Harvesting","Harvesting (Access)"
"resources_services",125,3,"Ellena (service developed by the University of Belgrade Computer Centre)","Deposit & Appraisal (metadata import), Curation (massive metadata editing, ORCID assignment)","Ellena (U. of Belgrade local service)","Deposit & Appraisal, Curation, Quality & Compliance","Curation","Deposit & Appraisal, Curation, Quality & Compliance"
"resources_services",125,4,"Creative Commons Licences Registry","Access, Reuse","Creative Commons Licences Registry","Access, Reuse","Registries : licences","Access, Reuse"
"resources_services",125,5,"NomadLite (service developed by the University of Belgrade Computer Centre)","Curation (funding information assignment based on text mining; assigning Web of Science and Scopus article identifiers)","NomadLite (U. of Belgrade local service)","Discovery & Identification","Link to publications","Link to publications (Discovery & Identification)"
"resources_services",125,5,"NomadLite (service developed by the University of Belgrade Computer Centre)","Curation (funding information assignment based on text mining; assigning Web of Science and Scopus article identifiers)","NomadLite (U. of Belgrade local service)","Curation, Quality & Compliance","Registries : funding information","Registries : funding information (Curation, Quality & Compliance)"
"resources_services",126,1,"Handle System","Access, Reuse, Preservation","Handle System","Access, Reuse, Preservation","Identifier registration","Access, Reuse, Preservation"
"resources_services",126,2,"OAI-PMH","Access","OAI-PMH","Access","Harvesting","Harvesting (Access)"
"resources_services",126,3,"Ellena (service developed by the University of Belgrade Computer Centre)","Deposit & Appraisal (metadata import), Curation (massive metadata editing, ORCID assignment)","Ellena (U. of Belgrade local service)","Deposit & Appraisal, Curation, Quality & Compliance","Curation","Deposit & Appraisal, Curation, Quality & Compliance"
"resources_services",126,4,"APP (service developed by the University of Belgrade Computer Centre)","Access, Reuse","APP (U. of Belgrade local service)","Access, Reuse","Access","Access, Reuse"
"resources_services",126,5,"NomadLite (service developed by the University of Belgrade Computer Centre)","Curation (funding information assignment based on text mining; assigning Web of Science and Scopus article identifiers)","NomadLite (U. of Belgrade local service)","Discovery & Identification","Link to publications","Link to publications (Discovery & Identification)"
"resources_services",126,5,"NomadLite (service developed by the University of Belgrade Computer Centre)","Curation (funding information assignment based on text mining; assigning Web of Science and Scopus article identifiers)","NomadLite (U. of Belgrade local service)","Curation, Quality & Compliance","Registries : funding information","Registries : funding information (Curation, Quality & Compliance)"
"resources_services",127,1,,,,,,
"resources_services",127,2,,,,,,
"resources_services",127,3,,,,,,
"resources_services",127,4,,,,,,
"resources_services",127,5,,,,,,
"resources_services",128,1,,,,,,
"resources_services",128,2,,,,,,
"resources_services",128,3,,,,,,
"resources_services",128,4,,,,,,
"resources_services",128,5,,,,,,
"resources_services",129,1,,"Handle System",,,,
"resources_services",129,2,,"OAI-PMH",,,,
"resources_services",129,3,,"Ellena (service developed by the University of Belgrade Computer Centre)",,,,
"resources_services",129,4,,"NomadLite (service developed by the University of Belgrade Computer Centre)",,,,
"resources_services",129,5,,"APP (service developed by the University of Belgrade Computer Centre)",,,,
"resources_services",130,1,"Handle System","Access, Reuse, Preservation","Handle System","Access, Reuse, Preservation","Identifier registration","Access, Reuse, Preservation"
"resources_services",130,2,"OAI-PMH","Access","OAI-PMH","Access","Harvesting","Harvesting (Access)"
"resources_services",130,3,"Ellena (service developed by the University of Belgrade Computer Centre)","Deposit & Appraisal (metadata import), Curation (massive metadata editing, ORCID assignment)","Ellena (U. of Belgrade local service)","Deposit & Appraisal, Curation, Quality & Compliance","Curation","Deposit & Appraisal, Curation, Quality & Compliance"
"resources_services",130,4,"NomadLite (service developed by the University of Belgrade Computer Centre)","Curation (funding information assignment based on text mining; assigning Web of Science and Scopus article identifiers)","NomadLite (U. of Belgrade local service)","Discovery & Identification","Link to publications","Link to publications (Discovery & Identification)"
"resources_services",130,4,"NomadLite (service developed by the University of Belgrade Computer Centre)","Curation (funding information assignment based on text mining; assigning Web of Science and Scopus article identifiers)","NomadLite (U. of Belgrade local service)","Curation, Quality & Compliance","Registries : funding information","Registries : funding information (Curation, Quality & Compliance)"
"resources_services",130,5,"APP (service developed by the University of Belgrade Computer Centre)","Access, Reuse","APP (U. of Belgrade local service)","Access, Reuse","Access","Access, Reuse"
"resources_services",131,1,,,,,,
"resources_services",131,2,,,,,,
"resources_services",131,3,,,,,,
"resources_services",131,4,,,,,,
"resources_services",131,5,,,,,,
"resources_services",132,1,,,,,,
"resources_services",132,2,,,,,,
"resources_services",132,3,,,,,,
"resources_services",132,4,,,,,,
"resources_services",132,5,,,,,,
"resources_services",133,1,"Handle System","Access, Reuse, Preservation","Handle System","Access, Reuse, Preservation","Identifier registration","Access, Reuse, Preservation"
"resources_services",133,2,"OAI-PMH","Access","OAI-PMH","Access","Harvesting","Harvesting (Access)"
"resources_services",133,3,"Ellena (service developed by the University of Belgrade Computer Centre)","Deposit & Appraisal (metadata import), Curation (massive metadata editing, ORCID assignment)","Ellena (U. of Belgrade local service)","Deposit & Appraisal, Curation, Quality & Compliance","Curation","Deposit & Appraisal, Curation, Quality & Compliance"
"resources_services",133,4,"NomadLite (service developed by the University of Belgrade Computer Centre)","Curation (funding information assignment based on text mining; assigning Web of Science and Scopus article identifiers)","NomadLite (U. of Belgrade local service)","Discovery & Identification","Link to publications","Link to publications (Discovery & Identification)"
"resources_services",133,4,"NomadLite (service developed by the University of Belgrade Computer Centre)","Curation (funding information assignment based on text mining; assigning Web of Science and Scopus article identifiers)","NomadLite (U. of Belgrade local service)","Curation, Quality & Compliance","Registries : funding information","Registries : funding information (Curation, Quality & Compliance)"
"resources_services",133,5,"APP (service developed by the University of Belgrade Computer Centre)","Access, Reuse","APP (U. of Belgrade local service)","Access, Reuse","Access","Access, Reuse"
"resources_services",134,1,"Handle System","Access, Reuse, Preservation","Handle System","Access, Reuse, Preservation","Identifier registration","Access, Reuse, Preservation"
"resources_services",134,2,"OAI-PMH","Access","OAI-PMH","Access","Harvesting","Harvesting (Access)"
"resources_services",134,3,"Ellena (service developed by the University of Belgrade Computer Centre)","Deposit & Appraisal (metadata import), Curation (massive metadata editing, ORCID assignment)","Ellena (U. of Belgrade local service)","Deposit & Appraisal, Curation, Quality & Compliance","Curation","Deposit & Appraisal, Curation, Quality & Compliance"
"resources_services",134,4,"NomadLite (service developed by the University of Belgrade Computer Centre)","Curation (funding information assignment based on text mining; assigning Web of Science and Scopus article identifiers)","NomadLite (U. of Belgrade local service)","Discovery & Identification","Link to publications","Link to publications (Discovery & Identification)"
"resources_services",134,4,"NomadLite (service developed by the University of Belgrade Computer Centre)","Curation (funding information assignment based on text mining; assigning Web of Science and Scopus article identifiers)","NomadLite (U. of Belgrade local service)","Curation, Quality & Compliance","Registries : funding information","Registries : funding information (Curation, Quality & Compliance)"
"resources_services",134,5,"APP (service developed by the University of Belgrade Computer Centre)","Access, Reuse","APP (U. of Belgrade local service)","Access, Reuse","Access","Access, Reuse"
"resources_services",135,1,,,,,,
"resources_services",135,2,,,,,,
"resources_services",135,3,,,,,,
"resources_services",135,4,,,,,,
"resources_services",135,5,,,,,,
"resources_services",136,1,,,,,,
"resources_services",136,2,,,,,,
"resources_services",136,3,,,,,,
"resources_services",136,4,,,,,,
"resources_services",136,5,,,,,,
"resources_services",137,1,,,,,,
"resources_services",137,2,,,,,,
"resources_services",137,3,,,,,,
"resources_services",137,4,,,,,,
"resources_services",137,5,,,,,,
"resources_services",138,1,,,,,,
"resources_services",138,2,,,,,,
"resources_services",138,3,,,,,,
"resources_services",138,4,,,,,,
"resources_services",138,5,,,,,,
"resources_services",139,1,,,,,,
"resources_services",139,2,,,,,,
"resources_services",139,3,,,,,,
"resources_services",139,4,,,,,,
"resources_services",139,5,,,,,,
"resources_services",140,1,"Lithuanian E-Government Gateway (https://www.epaslaugos.lt/portal/)","User authentication","Lithuanian E-Government Gateway (https://www.epaslaugos.lt/portal/)",,"Authentication tools",
"resources_services",140,2,"LITNET FEDI (federated identity service for research and education institutions in Lithuania, https://fedi.litnet.lt/en/)","User authentication","LITNET FEDI (federated identity service for research and education institutions in Lithuania, https://fedi.litnet.lt/en/)",,"Authentication tools",
"resources_services",140,3,"Crossref","DOI provider","Crossref","Discovery & Identification","Finding data","Finding data (Discovery & Identification)"
"resources_services",140,4,,,,,,
"resources_services",140,5,,,,,,
"resources_services",141,1,,,,,,
"resources_services",141,2,,,,,,
"resources_services",141,3,,,,,,
"resources_services",141,4,,,,,,
"resources_services",141,5,,,,,,
"resources_services",142,1,,,,,,
"resources_services",142,2,,,,,,
"resources_services",142,3,,,,,,
"resources_services",142,4,,,,,,
"resources_services",142,5,,,,,,
"resources_services",143,1,,,,,,
"resources_services",143,2,,,,,,
"resources_services",143,3,,,,,,
"resources_services",143,4,,,,,,
"resources_services",143,5,,,,,,
"resources_services",144,1,,,,,,
"resources_services",144,2,,,,,,
"resources_services",144,3,,,,,,
"resources_services",144,4,,,,,,
"resources_services",144,5,,,,,,
"resources_services",145,1,,,,,,
"resources_services",145,2,,,,,,
"resources_services",145,3,,,,,,
"resources_services",145,4,,,,,,
"resources_services",145,5,,,,,,
"resources_services",146,1,,,,,,
"resources_services",146,2,,,,,,
"resources_services",146,3,,,,,,
"resources_services",146,4,,,,,,
"resources_services",146,5,,,,,,
"resources_services",147,1,,,,,,
"resources_services",147,2,,,,,,
"resources_services",147,3,,,,,,
"resources_services",147,4,,,,,,
"resources_services",147,5,,,,,,
"resources_services",148,1,,,,,,
"resources_services",148,2,,,,,,
"resources_services",148,3,,,,,,
"resources_services",148,4,,,,,,
"resources_services",148,5,,,,,,
"resources_services",149,1,,,,,,
"resources_services",149,2,,,,,,
"resources_services",149,3,,,,,,
"resources_services",149,4,,,,,,
"resources_services",149,5,,,,,,
"resources_services",150,1,"This question is too vaguely defined to be answered, sorry... e.g it is not clear if you mean resource WE share or resources we use OTHERS share.",,"This question is too vaguely defined to be answered, sorry... e.g it is not clear if you mean resource WE share or resources we use OTHERS share.",,"__NULL","__NULL ()"
"resources_services",150,2,"Maybe you mean something like the DataCite PID registration service?",,"Maybe you mean something like the DataCite PID registration service?",,"__NULL",
"resources_services",150,3,,,,,,
"resources_services",150,4,,,,,,
"resources_services",150,5,,,,,,
"resources_services",151,1,,,,,,
"resources_services",151,2,,,,,,
"resources_services",151,3,,,,,,
"resources_services",151,4,,,,,,
"resources_services",151,5,,,,,,
"resources_services",152,1,,,,,,
"resources_services",152,2,,,,,,
"resources_services",152,3,,,,,,
"resources_services",152,4,,,,,,
"resources_services",152,5,,,,,,
"resources_services",153,1,,,,,,
"resources_services",153,2,,,,,,
"resources_services",153,3,,,,,,
"resources_services",153,4,,,,,,
"resources_services",153,5,,,,,,
"resources_services",154,1,,,,,,
"resources_services",154,2,,,,,,
"resources_services",154,3,,,,,,
"resources_services",154,4,,,,,,
"resources_services",154,5,,,,,,
"resources_services",155,1,,,,,,
"resources_services",155,2,,,,,,
"resources_services",155,3,,,,,,
"resources_services",155,4,,,,,,
"resources_services",155,5,,,,,,
"resources_services",156,1,,,,,,
"resources_services",156,2,,,,,,
"resources_services",156,3,,,,,,
"resources_services",156,4,,,,,,
"resources_services",156,5,,,,,,
"resources_services",157,1,"myLaminin is a complete RDM platform.",,"None (every service is embedded)",,"None (every service is embedded)","None (every service is embedded)"
"resources_services",157,2,,,,,,
"resources_services",157,3,,,,,,
"resources_services",157,4,,,,,,
"resources_services",157,5,,,,,,
"resources_services",158,1,,,,,,
"resources_services",158,2,,,,,,
"resources_services",158,3,,,,,,
"resources_services",158,4,,,,,,
"resources_services",158,5,,,,,,
"resources_services",159,1,,,,,,
"resources_services",159,2,,,,,,
"resources_services",159,3,,,,,,
"resources_services",159,4,,,,,,
"resources_services",159,5,,,,,,
"resources_services",,,"SURFconext","identity and access management","SURFconext",,"Registries : persons",
,46,4,"OpenAIRE","Identification of Research projects and Datasets","OpenAIRE","Discovery & Identification","Dataset identification",
